freq,C4,C3,CZ,1-2C_R,1-2B_R,1-2A_R,2C-3C_R,2B-3B_R,2A-3A_R,4-3C_R,4-3B_R,4-3A_R,1-2C_L,1-2B_L,1-2A_L,2C-3C_L,2B-3B_L,2A-3A_L,4-3C_L,4-3B_L,4-3A_L
1.0,1.6495561243115133e-11,2.211669634787976e-11,1.766224639841066e-11,1.3482669139169275e-11,2.3626038935302674e-11,1.8002127217864377e-11,1.087048543285761e-11,1.7268633357362583e-11,2.1980150947602494e-11,6.380862574514248e-12,3.069544369432127e-12,8.960833830465806e-12,3.6382517093448914e-11,3.931676175503006e-11,3.939078062375389e-11,7.924846431888097e-12,1.16824449879043e-11,3.1265098902523313e-12,5.671931880981842e-12,5.4076304702043755e-12,1.8338304138044742e-12
1.25,1.0785167411493291e-11,1.1375985958871262e-11,1.394206297633169e-11,2.6675131792242215e-11,4.137256530317322e-11,2.6340109033111902e-11,8.966887637615048e-11,4.011812019787197e-11,2.551400455362927e-10,4.4032966457549225e-11,1.6973869552579e-11,5.7437133669287935e-11,1.3304272144425828e-11,6.687251461460965e-11,8.845206796699509e-11,1.4470549212593201e-11,1.4469521592023736e-10,6.389812355744317e-11,2.857436887106711e-11,1.5450594505548556e-11,1.0006276540573187e-11
1.5,8.142870728980682e-12,6.642431907755815e-12,1.3383253102860553e-11,4.7481956968902584e-11,5.839978772544098e-11,4.1272089578557825e-11,1.9386662732700274e-10,6.809186556172356e-11,4.20714124125184e-10,7.718316669401406e-11,3.7509620975185024e-11,1.00527350230965e-10,9.027023391221133e-12,1.241326091318703e-10,1.7000299580712126e-10,1.9129504322670947e-11,2.9121425884116145e-10,1.3758759215789246e-10,5.1678744870963736e-11,2.5242664075351867e-11,2.1154996060112696e-11
1.75,4.919083457958893e-12,4.9570217555166505e-12,5.110964404149666e-12,6.456891483910074e-12,1.1793330405825535e-11,1.658253211972579e-11,2.0589793681579577e-11,1.2534396571212429e-11,3.9586045850568906e-11,8.753235225725738e-12,3.732387778328049e-12,1.3554899392402815e-11,2.480275813082115e-12,1.115361063394509e-11,1.4826916990608333e-11,6.334918528496195e-12,2.7379035459790914e-11,1.187751490070147e-11,7.742717299587493e-12,5.9608875950313505e-12,2.7224023649243888e-12
2.0,3.642647860866707e-12,3.544378890535898e-12,3.503599440132822e-12,2.667273798171887e-12,5.483437106300533e-12,9.318559941370539e-12,2.5426187578054382e-12,4.157890098805673e-12,7.439889698675844e-12,1.35393462884821e-12,6.606364299715882e-13,3.725984708847859e-12,1.334266539304911e-12,1.8625789176303576e-12,1.6900867102091809e-12,3.1633234355852044e-12,4.333467043298739e-12,5.56718485564134e-13,2.5174848880753125e-12,2.7805730202603947e-12,5.348223843435293e-13
2.25,3.6173823265708525e-12,2.9616700078567014e-12,3.640148023391566e-12,1.941701213997401e-12,4.1068097533489435e-12,5.026956873659361e-12,1.4438349057965513e-12,3.4104331226549816e-12,4.65253288332652e-12,7.954475901508922e-13,5.75813104312009e-13,2.1198773250972064e-12,9.73179949077131e-13,1.2691144468093515e-12,1.0772671554642653e-12,1.9225271695258987e-12,2.9636417393579025e-12,4.668726429866955e-13,1.3560733665985469e-12,1.7516125693027674e-12,4.859707403654978e-13
2.5,2.8362783131377033e-12,3.0417834100985092e-12,3.3230094000324176e-12,1.680111917156477e-12,3.201415539020447e-12,3.733220675717494e-12,1.8527548618027547e-12,2.2048875188197125e-12,4.812554084696393e-12,8.158694419908598e-13,6.979142566961505e-13,1.970364386340991e-12,7.806020332034183e-13,1.2124739156580597e-12,1.015472038499022e-12,1.6042110886313942e-12,3.0648396682267926e-12,7.434819035006783e-13,1.136064871338581e-12,1.5515955450201197e-12,4.3880938476063133e-13
2.75,2.2251907562475592e-12,2.163288491168952e-12,2.8458740029654596e-12,7.94597481060181e-12,4.58108269617137e-12,6.142632339606594e-12,1.2072440368096114e-11,4.721518338343726e-12,1.5820409938056726e-11,3.4981563652883455e-12,3.010537663057974e-12,4.312460039178572e-12,8.394326432907237e-13,3.2436759016315837e-12,4.14305857301467e-12,2.1625756796206105e-12,1.1630061748554363e-11,5.7714668114427546e-12,3.0245939587302823e-12,3.2531093804714444e-12,5.844799982857136e-13
3.0,2.6146195425353228e-12,2.126836711368837e-12,2.8758828965363376e-12,7.45839568381709e-12,4.32157234752477e-12,5.4357657250997184e-12,1.2179703070740076e-11,5.003790227084603e-12,1.0336348982733773e-11,2.7333416446866977e-12,3.3165746914579637e-12,3.473601036077085e-12,8.265059198632871e-13,3.1933925159268455e-12,4.08294116187118e-12,1.6840996090743874e-12,9.77826195521831e-12,5.821113239296412e-12,2.520306762972586e-12,2.5807929429860674e-12,6.256355907474649e-13
3.25,1.930158432016792e-12,1.7415159600276845e-12,2.153518449264206e-12,1.2073444343674138e-12,1.5744548180130156e-12,2.4740408089668833e-12,1.2320477628150762e-12,1.076239478191507e-12,1.86007505935859e-12,3.6177104581161033e-13,4.699463843064012e-13,9.704679551193603e-13,5.508321892764694e-13,9.163317507061832e-13,4.750822118446327e-13,7.701955861092886e-13,1.4904859232180947e-12,5.623422530532675e-13,5.184546994641233e-13,7.537156002091939e-13,3.283267861410596e-13
3.5,1.4830748287373323e-12,1.6768580803303346e-12,1.979543154930265e-12,1.0358482310478677e-12,1.427684723553882e-12,2.2198950433964417e-12,5.247273268886024e-13,8.590737144078359e-13,1.2779171623421643e-12,2.702086250724808e-13,3.3011532955305027e-13,8.119927757059797e-13,5.528589649477303e-13,8.410046878079024e-13,3.756330853549645e-13,6.368158489607596e-13,8.88065481223475e-13,2.295464867575368e-13,4.85809100026106e-13,6.289750867176989e-13,2.723557499102727e-13
3.75,1.90435164267446e-12,1.8263197598733377e-12,2.3146416370047467e-12,7.085463993849541e-13,1.0263267770130742e-12,1.7031488172127032e-12,4.61975637101874e-13,8.431708395587008e-13,1.1463961177617016e-12,2.289904801788747e-13,2.984388578026056e-13,6.455810263279943e-13,3.886105173562792e-13,5.488111593300582e-13,2.583825645332282e-13,4.546997334574745e-13,6.71657430903438e-13,2.3300492391849066e-13,3.6048277693697384e-13,4.698853396541115e-13,2.3419291402214844e-13
4.0,2.3548612132802e-12,2.0777899152782696e-12,2.8181951477235637e-12,1.0009734155846364e-12,9.904785590436192e-13,1.9308717213574565e-12,1.0234625125989212e-12,1.0151202697037144e-12,2.3612649555271954e-12,3.1208842148732566e-13,3.4584177901674597e-13,9.188435288896316e-13,3.3228428022175434e-13,6.110815337011513e-13,3.0023548685716683e-13,4.311207580215952e-13,1.252343148060149e-12,3.590661619345912e-13,3.9789858726832934e-13,5.327146262255477e-13,2.116217462570074e-13
4.25,1.6381967826094297e-12,1.677043424531451e-12,2.4571387350387466e-12,2.9510469123665928e-12,1.4404568753301355e-12,2.3046366339721242e-12,2.4717856954609864e-12,1.875398763924037e-12,5.648336426691412e-12,1.2309406692971115e-12,8.855206248284009e-13,2.023866504282886e-12,4.631827432433968e-13,1.13634287069907e-12,7.405971763807459e-13,8.217601654304383e-13,3.81482418060168e-12,1.1085272997366084e-12,9.65435032012471e-13,8.860261429112521e-13,4.1418139831631345e-13
4.5,1.7772689362297621e-12,1.7617932100601934e-12,2.6094241826312933e-12,1.7633172754752595e-12,1.1610922290298809e-12,1.5687861771874335e-12,1.1507618185420673e-12,1.3805621108457041e-12,2.2350024019152025e-12,6.785292713512072e-13,6.059269961178481e-13,9.67646173918948e-13,4.89807150490165e-13,8.902778228750279e-13,5.730928215013849e-13,5.762212154280655e-13,1.9152954786419146e-12,6.765454141664679e-13,6.029540961564844e-13,6.112746964199994e-13,3.291823808431051e-13
4.75,1.3373871917219937e-12,1.4043857480194156e-12,2.298572744474083e-12,8.170828026690381e-13,8.82693892461756e-13,1.4179676655432134e-12,3.635002900078204e-13,6.55521217383001e-13,7.75751495098217e-13,2.6548429188870286e-13,3.161571867469564e-13,4.5043751748239734e-13,3.7526796138326645e-13,5.758947119791128e-13,2.3707832023361333e-13,3.8610767597331903e-13,5.990478213725246e-13,1.6985100277129577e-13,2.984642886784445e-13,3.178244047220603e-13,1.8562394906501013e-13
5.0,1.2920333790853685e-12,1.3752839981358958e-12,2.1424995444188144e-12,6.795547243398829e-13,9.88790250614256e-13,1.432215266604676e-12,2.9150748131882724e-13,6.031483912493964e-13,6.909594187530482e-13,2.99168568126605e-13,2.8131259768180924e-13,3.996993801429321e-13,3.942864951104016e-13,4.558508130281596e-13,2.0412074792158342e-13,2.7495087268287283e-13,4.4851838552994585e-13,1.4668937604642813e-13,2.250060391863217e-13,2.3298261865596014e-13,1.496748135957247e-13
5.25,1.360891716148041e-12,1.483855325495836e-12,2.0741149263781394e-12,6.836104175143056e-13,8.323713491452633e-13,1.6476442018276493e-12,3.255498654064155e-13,5.713048086083112e-13,7.373764525291592e-13,3.1300354528667197e-13,2.4093526013226716e-13,4.0951709333031544e-13,3.833372752364057e-13,4.870686054753056e-13,2.190363808453766e-13,2.5018444929437545e-13,4.119410283354512e-13,1.1479519294703593e-13,1.9098393366733218e-13,2.1549104848733904e-13,1.4466135352002447e-13
5.5,1.7742203087584178e-12,1.573539140120508e-12,2.624568789303494e-12,6.595343470222221e-13,8.680680692653659e-13,1.3111350285776522e-12,5.357713248374159e-13,6.9709666931728e-13,8.165664242933022e-13,3.053936914913839e-13,2.362158536813249e-13,5.504296142116794e-13,3.7767465772288566e-13,5.945207605029228e-13,2.585085206075386e-13,2.3467006530775224e-13,5.247922870300628e-13,1.353990534904908e-13,1.7272572460871314e-13,2.734939121238109e-13,1.6474092050711667e-13
5.75,1.6725072619963346e-12,1.5190880393842246e-12,2.700720563463843e-12,9.302818662163012e-13,9.895886700534366e-13,1.4087418222305486e-12,7.391584572788758e-13,1.2424891399343612e-12,1.36929015093683e-12,2.8711662267842124e-13,3.355512012769686e-13,8.911650020765399e-13,3.792681834608804e-13,6.578484730732499e-13,2.760827215334873e-13,3.12887815319261e-13,6.750503721559777e-13,1.612029770499382e-13,2.0261536523545114e-13,3.193679588504056e-13,1.994569354179458e-13
6.0,1.3619199172831223e-12,1.3017704667175398e-12,2.379859409860905e-12,7.126051761700625e-13,8.826392229945313e-13,1.3214131322125338e-12,4.820909564484991e-13,6.817196392586993e-13,1.0757115045714859e-12,2.1427931275635667e-13,2.4837587477522744e-13,5.868508500311846e-13,3.090368129557931e-13,6.385606698702073e-13,2.399838401130223e-13,2.7283693314852367e-13,3.831593096982347e-13,1.5033033384856219e-13,2.1081980926346652e-13,2.2941104697624145e-13,1.8224444702623363e-13
6.25,1.4644612768651872e-12,1.4648228239411886e-12,2.4720702981193877e-12,5.808819201446702e-13,6.143628450837729e-13,1.20683961714511e-12,2.613521333686791e-13,4.203320460965571e-13,6.155965160217209e-13,1.4413058681497475e-13,1.6590033495592618e-13,3.4735755449610543e-13,3.653429987248708e-13,6.738127686543886e-13,1.785352644994258e-13,2.4203760894420024e-13,2.905656138996905e-13,1.1032851007314545e-13,1.4752201078053913e-13,1.9426381234115843e-13,1.9008097934630013e-13
6.5,1.3642859894419248e-12,1.3747499328127941e-12,2.1425770778031607e-12,5.934381129252769e-13,6.314644779013536e-13,1.3681709117907435e-12,2.0903327416764344e-13,3.034986739033178e-13,4.82459285508616e-13,1.103082327742645e-13,1.8962908717658089e-13,3.3292394871578566e-13,3.110478141984716e-13,6.132866121515956e-13,1.637414233505686e-13,2.1967657401727765e-13,2.779378297226738e-13,8.411292791010523e-14,1.4193676399947645e-13,1.9835956062630414e-13,1.5063865505501738e-13
6.75,1.1098941153729253e-12,1.1807181221555159e-12,1.7229550384353635e-12,6.96878993371441e-13,9.13943653281887e-13,1.4341369876791755e-12,2.7548098700993347e-13,4.0003579587579114e-13,4.734836887167734e-13,1.2698844585045718e-13,2.359773321591854e-13,4.2407282511180726e-13,3.234280580206258e-13,5.908576079189116e-13,1.8403686549702275e-13,1.8368199913168063e-13,3.109007999203775e-13,1.1035875991679021e-13,1.3758080678553426e-13,2.1474505581588913e-13,1.2194006771727288e-13
7.0,1.0001146561843934e-12,1.0419740789820293e-12,1.3131210269541655e-12,8.660491978347394e-13,9.897962748689993e-13,1.5795818144924907e-12,3.760142901969026e-13,8.767181988766603e-13,7.137894935001156e-13,2.243799413601598e-13,2.9857441778436406e-13,5.781057483502455e-13,3.041431629366134e-13,5.474983723844478e-13,2.0816490601090885e-13,2.1042333377464482e-13,5.372240580599655e-13,1.649838553392858e-13,1.4412860959334e-13,3.3027910577684524e-13,1.2952579359777943e-13
7.25,1.2144606380441772e-12,1.2146767968839878e-12,1.4808362297784728e-12,8.423213233678286e-13,7.805052549386662e-13,1.4623872028374512e-12,3.9203080818812397e-13,1.1032974868076782e-12,8.509047416619831e-13,3.187291272225076e-13,3.6703665359787676e-13,7.51960721641957e-13,2.753235722232125e-13,6.24483794251428e-13,2.076966670499439e-13,2.2001431349606173e-13,5.862835986620197e-13,1.7379063092659706e-13,1.5346010694797196e-13,3.8109180099934416e-13,1.353150665296563e-13
7.5,1.3870637303989914e-12,1.3774886371129086e-12,1.798761108849846e-12,8.294828135555351e-13,8.637657041664919e-13,1.5220376551429293e-12,2.6265259641958116e-13,5.400984929823733e-13,5.012826052471267e-13,1.5189311944457184e-13,2.5846235997590187e-13,4.94598265020112e-13,2.7950404457043723e-13,6.632048311589322e-13,1.8548040123053475e-13,1.5055806397579226e-13,3.4930282380708494e-13,1.1397865529231684e-13,1.5667626402657157e-13,2.3386969237739936e-13,1.1742204449438052e-13
7.75,1.4477445439940729e-12,1.784795282929888e-12,2.13189143977411e-12,7.848768116319005e-13,1.0835800862639062e-12,1.2910982655941459e-12,2.7916793300925017e-13,4.052511772763404e-13,3.622916903057809e-13,9.947276780501563e-14,1.8101017007469065e-13,2.6803916207050167e-13,3.9168813147398217e-13,7.675954673567893e-13,1.9712232409385838e-13,1.4141343707746011e-13,2.0129151237044497e-13,1.0564785630083017e-13,1.5534962993464778e-13,1.87931806107719e-13,1.2254456557466167e-13
8.0,1.5971850084178614e-12,2.213107160917724e-12,2.410842352176879e-12,8.724823612982601e-13,1.1724193628280397e-12,1.2924602412013871e-12,2.5681506073801744e-13,3.9928022477162143e-13,3.6515605826985255e-13,1.1125186443793987e-13,2.1167933470122115e-13,3.1972562265530697e-13,3.688059878858997e-13,6.317459822388139e-13,1.8443214050524705e-13,1.636528846072351e-13,2.584450766443014e-13,9.892213888692335e-14,1.4178300177994747e-13,1.496512664369745e-13,1.3638555319699783e-13
8.25,2.39673527421704e-12,3.5597745957188877e-12,4.195599726785509e-12,1.0376913299772402e-12,1.1212602753138861e-12,1.5502418053795575e-12,2.636801237285199e-13,5.836725455899954e-13,5.344220623654793e-13,1.1241756723928533e-13,2.977097320402606e-13,5.18642112339085e-13,3.6975576303193566e-13,6.660921726257612e-13,2.0737241410515222e-13,2.0399643301417124e-13,4.987457846725874e-13,1.1514991365686946e-13,1.462494777619822e-13,2.574654544052447e-13,1.6368229747547063e-13
8.5,2.7601292561487504e-12,3.5931907919837204e-12,4.565708077063187e-12,1.1437526128925012e-12,1.291106541910557e-12,1.8109432476009289e-12,3.7928739225764683e-13,9.43301022181976e-13,1.1653842807564097e-12,2.0181156397729658e-13,4.713788170680529e-13,1.1241375203520993e-12,4.22766162454497e-13,7.013982637155713e-13,2.30958383734362e-13,2.031379115541413e-13,8.561164405467163e-13,1.248443358529758e-13,2.071504522183776e-13,5.757304001435908e-13,1.865558374472371e-13
8.75,1.9697415660138056e-12,2.8565107566639273e-12,2.97981631778549e-12,9.298964198018448e-13,1.0290795233175979e-12,1.4406470093004666e-12,3.049489457672316e-13,7.809238291480728e-13,1.2541627364909357e-12,2.359120105580168e-13,3.492550185932144e-13,1.0670374538795243e-12,3.0761451345006885e-13,5.550971838582585e-13,1.763588250708742e-13,1.9606483545828426e-13,6.84405340353439e-13,1.0553502568803305e-13,1.741540113168636e-13,4.741169611515194e-13,1.7801825199731199e-13
9.0,2.422315333474504e-12,2.928208333306265e-12,3.405840716871318e-12,7.485412614947532e-13,8.324993262144982e-13,1.1539314234899056e-12,2.5055037580524164e-13,4.1366461315662557e-13,5.883512446017482e-13,1.1797876348198734e-13,2.116455819443934e-13,4.337372885611376e-13,2.2882968304426427e-13,4.686934738350958e-13,1.2641495347230082e-13,1.9355154649240585e-13,2.7411214349354226e-13,9.074788409508047e-14,1.4143851886187636e-13,2.2174925569536577e-13,1.2533124744516902e-13
9.25,2.9705273467022336e-12,2.94334360232571e-12,3.917361772320523e-12,8.225367372744432e-13,8.491718788065688e-13,1.2629304528787168e-12,2.64880158258303e-13,3.421920896916282e-13,4.060695623462494e-13,1.1462837096576483e-13,2.2295273653862677e-13,3.0720837118932016e-13,2.0630993194951613e-13,4.1470251911592027e-13,1.3109287006945114e-13,1.6042516133392016e-13,2.0435773587131258e-13,8.174067991889502e-14,1.530048671342346e-13,1.805071186178973e-13,1.0414208571523661e-13
9.5,3.663054502922505e-12,3.2256415111799006e-12,4.661411846914663e-12,8.412177243071166e-13,8.73481577310461e-13,1.461526385400426e-12,2.4320833982981234e-13,3.3822637719123804e-13,3.473329479050641e-13,1.1516769914125159e-13,2.5130527848415816e-13,3.138086801921716e-13,2.0613784883640382e-13,3.665034726762273e-13,1.3199682762134652e-13,1.389835573055502e-13,1.9950510117132841e-13,6.690342887688304e-14,1.3174806169490488e-13,1.5208452260432582e-13,1.0887563922373149e-13
9.75,4.8327067657623156e-12,3.6869135225941574e-12,5.6400136789584825e-12,7.515652830081532e-13,8.147948605924622e-13,1.2829568549901391e-12,1.9578803312651379e-13,3.3153489408166944e-13,3.3914856209069893e-13,1.1223827503220993e-13,2.0127063025534686e-13,2.832372613048689e-13,2.1450111102939622e-13,3.99373284020594e-13,1.1508155024466458e-13,1.2990828768061067e-13,2.4200036761919037e-13,6.764037299249021e-14,1.0169227027278799e-13,1.513328073673061e-13,1.0895534779929175e-13
10.0,5.0441234201648434e-12,4.354941791615776e-12,5.704243447286001e-12,6.387864160361517e-13,6.433401683377914e-13,9.344512739964056e-13,2.475124658199058e-13,4.0128620512546985e-13,4.139021709607753e-13,1.3461678066332745e-13,1.7488235333396656e-13,2.705998669223633e-13,1.9535540132408047e-13,4.2483803115916337e-13,1.2847816830578854e-13,1.5590572172679903e-13,3.263035694084669e-13,7.291462650516196e-14,1.2286475042898408e-13,1.9163880208073786e-13,1.183254679468712e-13
10.25,3.371145072756064e-12,2.7122906954169387e-12,3.796069132801527e-12,6.210433974348801e-13,6.439116884828474e-13,9.199809122994022e-13,2.601593602156959e-13,3.116708897387145e-13,3.528932605545226e-13,1.1736769680445455e-13,1.627268508683499e-13,2.5972700289382693e-13,1.9411086615402177e-13,3.800566221632562e-13,1.2273128809830822e-13,1.4184696455544276e-13,2.7637327516055375e-13,7.089401547525154e-14,1.0527318216231944e-13,1.7914195447198095e-13,1.0132152204929797e-13
10.5,1.6663760595624904e-12,1.8104618274220975e-12,1.9577696694872e-12,6.020379965445464e-13,6.409993051035706e-13,8.788376719296264e-13,1.9306621276352926e-13,2.5499407773122885e-13,2.699711312033496e-13,8.754988531048892e-14,1.4523298359422073e-13,1.9329384308868758e-13,1.7151002718296862e-13,2.8803024400961847e-13,9.116717517236116e-14,1.02624248760153e-13,2.0056395123134714e-13,6.547199194121993e-14,8.2355535570173e-14,1.2589943227116842e-13,7.970388866926479e-14
10.75,1.4632156404983872e-12,1.891412257313184e-12,1.904857651340352e-12,4.225506012952279e-13,4.3145344867974903e-13,5.966715049262292e-13,1.7418891773486705e-13,2.6978180254440344e-13,2.1972477758097721e-13,7.059189695215247e-14,1.1895229716724384e-13,1.490173616648433e-13,1.696392472840437e-13,2.9083001266181084e-13,8.953866912104334e-14,1.0341650731467946e-13,1.3685415609483562e-13,7.040626931198875e-14,1.1160615099398754e-13,1.1828821177905166e-13,5.874338373907201e-14
11.0,1.3087406306496485e-12,1.5062915738185134e-12,1.7112722759792493e-12,4.390977544008484e-13,4.580703441824878e-13,6.482999294867664e-13,1.658445339129446e-13,2.3675322702415303e-13,2.2034583789948617e-13,6.943472427766964e-14,1.5951323161266252e-13,1.8533349823651705e-13,1.7191395271229784e-13,3.0938662262635053e-13,7.821332236541437e-14,1.1989248342510532e-13,1.5045881780943458e-13,7.372442361292215e-14,9.758371314421412e-14,1.0147896029931702e-13,7.727431439879871e-14
11.25,1.123281573623534e-12,1.385057433752887e-12,1.3939691751999847e-12,4.121063549265149e-13,4.3157584731423683e-13,7.640461986122337e-13,1.4384099543417326e-13,2.50525353392801e-13,3.0954866880928424e-13,6.569322935894779e-14,1.4540682457599273e-13,2.0870282998066773e-13,1.3246037476074196e-13,2.6678126853442754e-13,7.943958657767191e-14,1.138102666310496e-13,1.5215796549745714e-13,5.492311483147654e-14,9.111527912197242e-14,1.0920111080968944e-13,7.71817743238428e-14
11.5,1.0746719484184394e-12,1.4761208253967838e-12,1.4882232170155797e-12,4.1160839244179865e-13,4.251475550388516e-13,7.715994640293845e-13,1.4305879996613753e-13,2.583280441950821e-13,3.848729382386699e-13,8.881394373038733e-14,1.6082757078673182e-13,3.1706012956900864e-13,1.562080281392954e-13,2.891719598557963e-13,9.722478681400887e-14,1.1015993933841204e-13,1.6925204878050895e-13,5.974416660541245e-14,7.898246823362509e-14,1.1844209623347052e-13,6.467639096283069e-14
11.75,1.126416902122302e-12,1.421200664596804e-12,1.5139208094587929e-12,4.574712073217633e-13,4.282443032790329e-13,8.463211185696653e-13,1.2165758778559146e-13,2.2850850968580504e-13,3.426635041731169e-13,9.387589183915263e-14,1.6592020073822826e-13,3.1789713876779687e-13,1.4294465488918145e-13,2.9019293493512686e-13,7.871735526510143e-14,1.0388939522770546e-13,1.312539880248538e-13,4.7518149563176277e-14,8.497951113388354e-14,1.1666068872852355e-13,6.82778732358666e-14
12.0,9.42990167685823e-13,1.00921703574866e-12,1.1041607766133349e-12,3.960597362737159e-13,3.8970865145119124e-13,7.543269903598937e-13,9.741286814923072e-14,1.7401640508268296e-13,1.879326802694662e-13,5.795018722006767e-14,1.138287907743539e-13,1.657099505151384e-13,1.4714354304577069e-13,2.7684681196681707e-13,6.728712589792352e-14,7.011871395041584e-14,7.875195346576436e-14,3.9015178441787986e-14,8.06091230969646e-14,9.32737051783807e-14,5.763285544626784e-14
12.25,1.0972909757600578e-12,1.3056277222331657e-12,1.3099494333127578e-12,3.7441148990969144e-13,3.992184432869899e-13,6.11763195611424e-13,1.0062295959404034e-13,1.6014139049233478e-13,2.340184834145925e-13,6.375097128050092e-14,1.2009133445395645e-13,1.7217124663196352e-13,1.310483769112592e-13,2.028352106396891e-13,6.439751460953648e-14,7.249051840939368e-14,8.958540415796478e-14,4.729871758985794e-14,6.54870079169069e-14,7.381374707330289e-14,6.657942094524874e-14
12.5,1.1611255374494967e-12,1.4748108201711954e-12,1.4825937977213588e-12,3.85582976530267e-13,4.1612453859326563e-13,6.255808882403812e-13,1.2798710844972618e-13,1.8187915961137584e-13,3.097699105147948e-13,7.471916453134992e-14,1.222365674251434e-13,2.1204905568168103e-13,1.299865939315523e-13,2.35898521175028e-13,8.350326577316207e-14,9.10333795288102e-14,1.140691911560986e-13,4.994538577126755e-14,7.109226455938611e-14,9.068213280797735e-14,5.907820366538673e-14
12.75,1.204605019689423e-12,1.6355366836713877e-12,1.5239966578768654e-12,4.663561121066976e-13,4.3934364548541615e-13,6.992377315217896e-13,1.4111611076282036e-13,1.9030367522537095e-13,4.841049864436334e-13,6.80695819120674e-14,1.21811992843833e-13,3.1551392242309104e-13,9.815167148083102e-14,2.115267576118236e-13,6.665183610354772e-14,8.725654088091806e-14,1.332360570039584e-13,5.137744231502222e-14,7.404773738730004e-14,1.1401770100252176e-13,5.4591460291360865e-14
13.0,1.3531938562019834e-12,1.8013186291883966e-12,1.7483654172631684e-12,3.848349965742439e-13,3.720965385179004e-13,6.461106092636156e-13,1.6885262918957957e-13,2.1118101725431813e-13,4.684443573796215e-13,6.410942012756298e-14,1.2455355839760636e-13,3.3615829039205523e-13,9.910998782053056e-14,1.9295186897403316e-13,7.05174595695539e-14,8.12566882800494e-14,9.748627486435338e-14,5.061061379598659e-14,8.645176914070954e-14,1.3303957932542167e-13,5.3125141053596384e-14
13.25,1.0991923232038143e-12,1.4520601974482618e-12,1.3818203514666167e-12,3.2564711369226693e-13,3.319217855244712e-13,6.377011693604784e-13,1.3248364332306607e-13,1.9687463152111985e-13,3.008596371598507e-13,5.2692942936574177e-14,1.1336860031332321e-13,2.5321815659047605e-13,1.1737889986763679e-13,2.0749845385734718e-13,7.369922436517221e-14,7.788095652447016e-14,8.973561457378147e-14,3.979804259276493e-14,8.058890108528301e-14,1.1282919515585592e-13,5.798604681164549e-14
13.5,1.32119609072853e-12,1.596366058014427e-12,1.531270213728134e-12,3.586849847198972e-13,3.4202606980109363e-13,6.197867484496434e-13,1.213603667044245e-13,1.7079107168590134e-13,1.474326782635109e-13,6.429334184554182e-14,1.0462918001562751e-13,1.7010898767931017e-13,1.0975310741165603e-13,2.2209741341643355e-13,6.733274121684906e-14,7.256000284078929e-14,9.072522753641314e-14,3.195881926927562e-14,6.982414669932653e-14,1.0596311560520904e-13,4.920880756738776e-14
13.75,1.2221670155883207e-12,1.771857047889187e-12,1.4699453649983566e-12,3.856075031591382e-13,4.304246240061838e-13,6.67575748920943e-13,9.186010219822313e-14,1.3297859538959178e-13,1.5135740924443104e-13,5.895163970304648e-14,9.600777754783789e-14,1.7713759705789804e-13,1.1203744159495134e-13,2.421223483520027e-13,6.373276790605414e-14,5.574494704305444e-14,8.808369002527994e-14,3.3678466106928455e-14,7.721327032498925e-14,9.905427614920205e-14,4.9101780093192224e-14
14.0,1.4174678799139256e-12,1.7770801532929263e-12,1.5994616249832747e-12,3.0891802703129904e-13,4.0977515712495103e-13,5.325324669824038e-13,1.091535228188974e-13,1.61174490134899e-13,2.0948905770141363e-13,6.475293668231412e-14,1.0315778588872557e-13,1.9686938105364454e-13,1.0406396342052489e-13,2.1106514904572067e-13,6.215000187690747e-14,1.084256003988529e-13,1.697775473799516e-13,3.4613782712853435e-14,9.208307626953575e-14,1.3404057196749618e-13,5.5755196118889335e-14
14.25,1.2799244762148513e-12,1.2739069567118245e-12,1.3663520067848184e-12,2.4068183698944275e-13,3.5049034288047243e-13,4.4217989943886946e-13,1.4827853251993253e-13,2.2495687447415822e-13,2.6123395193944056e-13,6.124040831332562e-14,9.810256612622176e-14,2.061176332130628e-13,9.387519267561272e-14,1.9700715206279254e-13,6.134103800362691e-14,1.6286049431689136e-13,2.562545472966831e-13,4.164751553672397e-14,1.095370553125998e-13,1.5816485602740542e-13,5.5186121549491124e-14
14.5,1.126158761187383e-12,1.2376860446665324e-12,1.1887664248578115e-12,3.1702264384612845e-13,4.225336813050712e-13,5.739302912023289e-13,1.430195658465242e-13,1.68810630090177e-13,2.3297435167043324e-13,6.557468933592628e-14,8.86499335582241e-14,2.1038347702703693e-13,8.542119181654688e-14,1.7880683861796427e-13,6.953533773734234e-14,1.868725349594753e-13,2.7104164638982426e-13,4.6638481395414294e-14,9.833072788282035e-14,1.3304359578569486e-13,5.531274553156187e-14
14.75,9.409542575058169e-13,1.0497679037556571e-12,9.721738446642346e-13,3.5082585623122497e-13,3.874141732712676e-13,5.778643901461653e-13,1.247661386157456e-13,1.593014752563705e-13,1.9248891551580027e-13,6.367079801484095e-14,1.0913360818073879e-13,2.0352182359357502e-13,8.530524705446481e-14,1.788353728557637e-13,6.207333622948948e-14,1.484072374645257e-13,2.126334278883704e-13,3.693189653209227e-14,8.26852237282079e-14,1.1838083277919194e-13,5.096682228536669e-14
15.0,1.0938424882111374e-12,1.1112183576715016e-12,1.1192237438116279e-12,3.5122884697997833e-13,3.6600614668746756e-13,6.090569830002927e-13,1.0596122872850127e-13,1.4251547643741064e-13,1.5497258786158483e-13,6.110312709105496e-14,9.411247976256775e-14,1.5270402090070881e-13,8.96889579348704e-14,1.6546487337963804e-13,5.057001755009984e-14,7.803184926549779e-14,9.837766247735627e-14,2.867927639077984e-14,5.890147846334811e-14,7.722224006320029e-14,3.8765852017854974e-14
15.25,9.212024936821021e-13,1.0557378738086064e-12,1.0314893266923018e-12,3.038598090393778e-13,3.929363276856432e-13,5.691384921605595e-13,1.0489317738146087e-13,1.2340727711124643e-13,1.3102967916060025e-13,6.228106691535095e-14,1.0458107257467978e-13,1.6229213576540703e-13,8.860658556248822e-14,1.8315061259172547e-13,5.344452013490095e-14,5.940991984497405e-14,7.886018700309552e-14,2.4720623085022948e-14,6.026699219732301e-14,7.572444606848502e-14,4.106667664896159e-14
15.5,9.774681036190571e-13,1.0452346777479462e-12,1.0153660320505166e-12,2.462195207828741e-13,3.397044843437062e-13,5.407553861236791e-13,1.0087983613271723e-13,1.0557597958595557e-13,1.3656854215489418e-13,6.147624512892839e-14,9.700519629875384e-14,1.8620678746912084e-13,9.238643924749055e-14,1.8690563654813268e-13,5.0583424595684324e-14,6.372772416369958e-14,9.00874164462648e-14,2.758949234216625e-14,6.018249081288724e-14,8.121709723003631e-14,3.6872502383153606e-14
15.75,1.0745532778259765e-12,1.2157517854451967e-12,1.1592422378853213e-12,1.960771713955462e-13,2.479445940560566e-13,3.895133120125281e-13,9.95248448655036e-14,1.165035682814448e-13,1.4064234344159233e-13,5.204375997627868e-14,7.719279369868294e-14,1.4714441760307538e-13,7.146606050912679e-14,1.6187262569089622e-13,3.855781003311629e-14,6.863676494117893e-14,8.622630188848786e-14,2.6113312323481094e-14,5.069402795628355e-14,6.198545825351911e-14,3.402537127280344e-14
16.0,1.0063795623387125e-12,9.765610808117726e-13,9.89853848143878e-13,2.0567404029009957e-13,2.487950217944848e-13,3.765254070957682e-13,7.761784969963111e-14,1.0391414018442169e-13,1.2017316587046612e-13,4.056411348330285e-14,7.239999537302206e-14,1.104900885750742e-13,6.961533500452472e-14,1.3060607031177366e-13,4.410436025794046e-14,6.783349049672226e-14,9.134915247048314e-14,2.2433151321428507e-14,5.033631719721813e-14,5.5731315573720963e-14,3.5765561067784697e-14
16.25,9.421071983660213e-13,7.860982415016659e-13,8.162702392710883e-13,1.8572426002075687e-13,1.9619910101383558e-13,3.4285808229390427e-13,7.930411795245489e-14,9.808765715486147e-14,1.0337948609137457e-13,4.0292953369519496e-14,5.889732426760024e-14,1.0339570211461749e-13,7.187698192572245e-14,1.2259745219279744e-13,4.20247223614444e-14,5.979321518168499e-14,8.019438973993976e-14,2.3430696565690573e-14,5.370518374552749e-14,6.118161880376247e-14,3.362067185698741e-14
16.5,1.0080834104428756e-12,9.067262556891926e-13,9.464011653696018e-13,1.9128691616361607e-13,2.425971376807206e-13,3.4078487310372013e-13,7.515422461479438e-14,8.910284065346697e-14,1.019926785965977e-13,3.768730469146133e-14,5.331526413041996e-14,7.876634711030999e-14,8.162822201296739e-14,1.5111316921030949e-13,4.2506211776168973e-14,6.315793380669404e-14,7.797266143294345e-14,2.4488013052127846e-14,5.1975311910569756e-14,5.757784570924603e-14,2.7747057793650438e-14
16.75,1.0166750101754187e-12,9.872625310192207e-13,9.66329041258149e-13,1.6870520351425868e-13,2.2760014023675173e-13,3.0967003170521137e-13,9.270374791405875e-14,1.0301066266543102e-13,1.148712724341964e-13,3.355910592269138e-14,7.154693763455937e-14,8.385833999742289e-14,8.239181730275315e-14,1.3416632873295331e-13,4.1790891153512845e-14,6.373138560730147e-14,8.04199516732013e-14,2.5532619821169917e-14,5.340032963134772e-14,5.5587019913832704e-14,3.320247319336102e-14
17.0,8.496012165813566e-13,8.23706524517823e-13,7.413740452654204e-13,1.7612817490298307e-13,1.9382644978800482e-13,3.0421540300768117e-13,9.30355025149534e-14,1.0186225063791499e-13,1.3404179595669664e-13,3.949942098915233e-14,7.920885180342442e-14,9.975250309964091e-14,6.443974798204234e-14,1.0803732316748899e-13,3.857939478942838e-14,6.091077027504828e-14,7.813316278353362e-14,2.399077214020662e-14,4.1884939350297485e-14,5.076944380692497e-14,3.2544093600958726e-14
17.25,1.0813176557650007e-12,1.0848883825470807e-12,1.0223628781278619e-12,1.704318277794463e-13,2.201335855968015e-13,3.082228756646271e-13,7.031156865284061e-14,9.257460119214207e-14,1.240576267609289e-13,3.699790727312415e-14,7.776309917712705e-14,1.0486310315205874e-13,7.526367645753722e-14,1.15274288401332e-13,4.39225953309511e-14,4.7824240524180324e-14,7.012503716511543e-14,2.5974161541748037e-14,4.711711055315574e-14,5.5635814697683345e-14,3.1603383780381e-14
17.5,1.1729948920480335e-12,1.2139516598080435e-12,1.1575246470207848e-12,1.6101352740946578e-13,1.952842479475985e-13,2.8260245314216615e-13,6.520701372542625e-14,9.852695170295842e-14,1.3357565311620635e-13,3.444674096097903e-14,6.47836398969582e-14,1.0466658326930187e-13,6.62491417260164e-14,1.092554839966701e-13,4.302936706199181e-14,5.756373777637849e-14,7.979356703929034e-14,2.5245235169608836e-14,5.165794446609463e-14,5.558180531518014e-14,3.092253087499688e-14
17.75,1.332631836194959e-12,1.1506517364016665e-12,1.1969054520559877e-12,1.1857272882169712e-13,1.5146055482795236e-13,2.006326191202802e-13,7.928739594235301e-14,1.0558764839061981e-13,1.2132821383872452e-13,3.397442310700245e-14,6.507726844926151e-14,9.237046907496396e-14,7.236978125099678e-14,1.050030261867648e-13,4.1844652818812625e-14,4.8572167115735326e-14,6.29213299565634e-14,1.9622661981852267e-14,5.34109234362323e-14,4.81890615273566e-14,2.7517627861078206e-14
18.0,1.5494138041334277e-12,1.1381526459825436e-12,1.2535175074025872e-12,1.5045294061797193e-13,1.8999996823694863e-13,2.5623482972955194e-13,5.908380437029404e-14,7.077776333495821e-14,1.0481750407807351e-13,3.131562137763602e-14,5.4127780783533255e-14,8.888938244233122e-14,7.186083845093676e-14,1.0006241142057427e-13,4.035008258346359e-14,5.100304728786004e-14,6.19692628929584e-14,2.0274837980582348e-14,4.4778051878232e-14,4.137217264980983e-14,2.996119169117543e-14
18.25,1.3023175614046788e-12,9.866298067956374e-13,1.0387807377866108e-12,1.546882401139747e-13,1.9577088910282441e-13,2.8012633732762644e-13,6.473433356528734e-14,8.240020250596917e-14,1.5512869539074106e-13,3.013460959289162e-14,6.323543461724751e-14,1.0757080414373476e-13,6.983242558332073e-14,1.1165428187938605e-13,3.718719812855125e-14,5.440280029954851e-14,7.345091270938831e-14,2.2234064583532715e-14,4.3996973689320023e-14,4.096308723136292e-14,2.6080566318738507e-14
18.5,1.1439230046810574e-12,1.002881322586999e-12,9.592045243010013e-13,1.1097977407930311e-13,1.3709289423337618e-13,1.8801156701939212e-13,8.121517916482058e-14,9.857808026857898e-14,2.2351012295184458e-13,3.289857700681977e-14,5.941092695401073e-14,1.4055958183731842e-13,7.098506217414183e-14,1.209266363484795e-13,3.8060353452548755e-14,6.274051164014829e-14,7.886616293695172e-14,2.5123208430173287e-14,5.2949855370818854e-14,5.493820865017313e-14,3.3080396449682435e-14
18.75,1.4580766644753882e-12,9.120073249397577e-13,9.263586742583487e-13,1.3894525780984808e-13,1.7586431032097277e-13,2.4539171196348644e-13,8.023823593861788e-14,1.0866193935703841e-13,1.8023399740265398e-13,3.413032704599837e-14,6.047579644718362e-14,1.3695367958561342e-13,6.672800959343409e-14,1.0290583291645878e-13,3.356111031024513e-14,5.318301829676691e-14,6.26111913365984e-14,2.3588165134333665e-14,4.510542570103887e-14,4.69510518938529e-14,3.1190841991047726e-14
19.0,1.4234511256002472e-12,8.519677946990563e-13,8.52777768183135e-13,1.762282631359155e-13,2.0685348942876258e-13,3.166215205098655e-13,7.57527992656917e-14,1.0677973677579734e-13,1.8115155011509796e-13,3.3152379126567397e-14,6.701881322207623e-14,1.239721168137106e-13,6.844135329656717e-14,9.869948925811029e-14,2.951660486017571e-14,4.975475467302742e-14,6.435234055910333e-14,2.2667250031325817e-14,4.3170957573292254e-14,4.32646595290037e-14,3.007832753182391e-14
19.25,1.4005866012525205e-12,7.800940964183814e-13,8.652592694623306e-13,1.485407723156158e-13,1.8698649768945813e-13,2.6267439567420526e-13,8.21831169985546e-14,1.1853120274598219e-13,1.3405324506081089e-13,3.82878680926469e-14,7.854319859030029e-14,9.937000323591748e-14,7.510699197949183e-14,1.1260565386176316e-13,3.6016608495912983e-14,5.5708064877856865e-14,6.720869343143584e-14,2.072917511995685e-14,4.6179945617917513e-14,4.0730178648872684e-14,2.467923698031778e-14
19.5,1.6531008898038042e-12,8.243490351930216e-13,9.879944521188917e-13,9.027597093157883e-14,1.1656122664717846e-13,1.724806359698681e-13,8.10055747176995e-14,1.0030002164037003e-13,8.805459615486301e-14,3.186500033526964e-14,6.261162362626898e-14,7.042085404372641e-14,8.020721361820641e-14,9.295380565713463e-14,4.13285756530857e-14,5.5955497863851145e-14,6.151011658228162e-14,1.915143206325178e-14,5.0381758403118274e-14,3.714151326707158e-14,2.236885591217623e-14
19.75,1.5637052956997573e-12,9.89154353278238e-13,1.0148516118248736e-12,1.270590019801002e-13,1.3978273278192236e-13,2.0248557091881074e-13,6.325170265020072e-14,7.671455128641664e-14,7.993813786599899e-14,3.613575266080768e-14,5.977031387918536e-14,8.109762952095749e-14,7.205887838634415e-14,9.268224395527265e-14,3.85844826971737e-14,4.5624745517257335e-14,6.260188054429135e-14,2.0782653152837897e-14,4.308011128339652e-14,3.7325333430453614e-14,2.4375800185277796e-14
20.0,2.087246345670129e-12,1.0277600915170545e-12,1.1590188707548677e-12,1.1467191322907643e-13,1.3545669346018982e-13,1.754077827046634e-13,5.534844487403059e-14,6.812344732792151e-14,8.028018938751372e-14,3.433660294147214e-14,6.154649005881193e-14,8.071907515032636e-14,7.500877565469832e-14,9.333583562315771e-14,4.251934189042698e-14,4.842351471564633e-14,5.602060254458115e-14,1.969044120698564e-14,4.9951956049631694e-14,4.6818528922165836e-14,2.8183087366342207e-14
20.25,2.5818652059022223e-12,1.218675555236099e-12,1.3983746288038245e-12,1.007935025812012e-13,1.1284461851488548e-13,1.6162110578624032e-13,5.520670818338945e-14,7.983382078840107e-14,8.625486419528427e-14,3.1703453126421874e-14,5.257830936405396e-14,7.101804256052646e-14,7.815915082068846e-14,9.688259412266032e-14,3.593384549101327e-14,4.728473504334765e-14,5.995696580712753e-14,1.9802736622368168e-14,4.2490304925560497e-14,4.285305186649445e-14,2.5393856035510513e-14
20.5,2.3293260558530778e-12,1.1901948816982327e-12,1.2280922899169692e-12,1.0157372960952197e-13,1.2096167948027405e-13,1.8944199685475376e-13,5.408558935142779e-14,8.803810522611295e-14,8.515229206512759e-14,2.621360952944367e-14,4.6384316306948637e-14,5.0859239524693024e-14,6.678633976733525e-14,8.180619157461207e-14,3.249030546538788e-14,3.6086307150176684e-14,5.670647671625217e-14,2.2725288828110056e-14,3.447639871291317e-14,3.549053674403986e-14,2.2785089646453662e-14
20.75,2.6753821285847236e-12,1.253220366155031e-12,1.3984802354365063e-12,9.570258209338479e-14,1.0241272528361126e-13,1.650582666023332e-13,5.613827791561644e-14,7.351505122721816e-14,8.308488995786681e-14,2.84182134128225e-14,4.492471471920311e-14,4.46461683426872e-14,6.754343496617486e-14,9.077779932433464e-14,2.934473475656361e-14,3.4337889736996756e-14,4.076667286753074e-14,2.0298228791097493e-14,4.1400664949577474e-14,3.5956932592892795e-14,2.4218125348098708e-14
21.0,2.298996182234479e-12,1.1077649380145154e-12,1.1889427979887091e-12,1.1780835128378765e-13,1.1728904391508016e-13,1.9030013620040816e-13,5.19367189828131e-14,6.476282188075555e-14,7.029486324381195e-14,2.915827545626627e-14,4.072022407402752e-14,5.518262805426277e-14,7.206232447448468e-14,8.45547441677883e-14,3.220550942219113e-14,3.798691070948995e-14,5.063453634448264e-14,1.8983815907666247e-14,4.3647661151864724e-14,3.4617018796341814e-14,2.688645499388846e-14
21.25,2.5432307529713615e-12,1.1116277258349995e-12,1.306671598882858e-12,1.1265984119175046e-13,1.2365944970035373e-13,1.878509094577654e-13,5.3933779997740265e-14,6.421229954508059e-14,8.027707451843237e-14,3.081888183920461e-14,4.986433833499505e-14,6.930075029229526e-14,9.436370382014777e-14,1.1891381178675862e-13,4.05518756185038e-14,3.979935109760643e-14,5.70277355539648e-14,1.704701080708388e-14,4.6659485604371114e-14,3.9725526294204156e-14,2.3692574090460057e-14
21.5,2.5907614735408108e-12,1.1539468117489815e-12,1.2470941670358811e-12,1.0720914704399068e-13,1.20105412448192e-13,1.8625736053214396e-13,5.63108690443331e-14,7.143085781122142e-14,8.870292594443258e-14,3.4819883181912384e-14,4.980892316452983e-14,8.388335549056867e-14,7.573102856583481e-14,1.0261735781890017e-13,4.1173324579611805e-14,4.070568971677607e-14,5.2929482902140435e-14,1.6409311597673536e-14,4.1740815330282694e-14,3.620804494308109e-14,2.063414921958487e-14
21.75,1.8073956961853402e-12,8.478592362390498e-13,8.882568795167261e-13,1.049545488150583e-13,1.2004163280770867e-13,1.8895213268214778e-13,5.786165886328333e-14,7.815926737488252e-14,9.177726087349465e-14,3.130754304149317e-14,4.804960592333217e-14,6.488032771611317e-14,6.172890198875905e-14,7.973000040086843e-14,3.1305088261728955e-14,3.921672529473606e-14,4.564333257038973e-14,1.6998922352825356e-14,4.1437644142019714e-14,3.677810638770933e-14,1.8985041178298013e-14
22.0,2.3211041320793597e-12,1.0948577829414549e-12,1.211833084866437e-12,1.028306313646899e-13,1.0003397332810928e-13,1.5250748398620033e-13,5.99646227541405e-14,7.618813332329282e-14,8.945731461436647e-14,2.8232654319640363e-14,4.297656711606834e-14,7.315267742809519e-14,6.604209220753847e-14,7.92857940081894e-14,2.854468756559667e-14,3.499712709277176e-14,4.700059525555508e-14,1.863343139742769e-14,4.1655328321948623e-14,4.073422737767954e-14,1.8589103677677474e-14
22.25,2.4040935217910244e-12,1.1464959799796678e-12,1.2845073959463257e-12,1.1055074517893487e-13,1.1247236694889552e-13,1.6447592136226246e-13,6.211526814004878e-14,6.91731482466376e-14,6.04000021308388e-14,2.5593180712705258e-14,4.929873929871067e-14,6.289784755513047e-14,8.01687742609856e-14,8.855594132249662e-14,3.5176646878663233e-14,3.65087073576431e-14,5.2944222427838456e-14,2.0586862616608006e-14,3.5017585873153e-14,2.934672167031711e-14,1.4569164024310308e-14
22.5,2.2942901047703804e-12,1.0446840879929036e-12,1.1235437636419483e-12,1.105291650952144e-13,1.1892007912004951e-13,1.9021368153337828e-13,6.53455570488119e-14,7.948246352624233e-14,6.738738612160506e-14,2.6413879268233673e-14,5.167329384353166e-14,7.267772849195038e-14,8.342328272691484e-14,9.442251480535653e-14,3.518287043322496e-14,3.340760611992344e-14,5.3751070744934405e-14,1.7146780528478835e-14,3.699251819290038e-14,3.058169462814013e-14,1.299817945057648e-14
22.75,1.928393068020199e-12,1.015457748527401e-12,1.062267617222699e-12,1.0080399049080185e-13,1.0918786022494963e-13,1.5739681382118974e-13,5.456249232773831e-14,7.300726079904488e-14,8.814839750964181e-14,2.5626384768789833e-14,4.9386058190649e-14,6.717549885625703e-14,6.976058276840903e-14,7.691119837382024e-14,3.105013809002774e-14,3.6150279911832036e-14,5.0554769276421534e-14,1.6005181589723237e-14,2.823995682416823e-14,2.6379711414019455e-14,2.0870466679281624e-14
23.0,2.4678676027048522e-12,1.0045792349445934e-12,1.2382201482735602e-12,8.175362841589266e-14,9.160721744528225e-14,1.146141864802197e-13,6.77484306732252e-14,8.026884876551971e-14,7.917166965997321e-14,2.637507355524638e-14,4.609304529325738e-14,5.866699360082124e-14,6.949445201336941e-14,7.73951421827847e-14,2.9150554448862324e-14,3.5831352563419826e-14,4.65442357399776e-14,1.6696687534791708e-14,2.7470738211332187e-14,2.90884917751057e-14,1.7481321579386973e-14
23.25,2.7313066828690303e-12,1.0088347240941308e-12,1.2656272414570858e-12,8.313793799503603e-14,1.0061704576544045e-13,1.3392075219320599e-13,5.230944071033296e-14,6.650932919719766e-14,5.939246808782657e-14,2.456092409947013e-14,4.477389150922485e-14,5.263618439268316e-14,5.473008709733939e-14,6.190258278218606e-14,2.6695850283814485e-14,3.109566638705322e-14,4.354107409466914e-14,1.3711380084029831e-14,2.9052141601961474e-14,2.836725143229125e-14,2.0661038226185546e-14
23.5,2.0437875021490664e-12,1.0682996070836078e-12,1.1316893319270847e-12,8.267542372947147e-14,9.093094369143469e-14,1.421955606233921e-13,5.700408431285588e-14,7.673103232236264e-14,6.024177626504151e-14,2.193804311082449e-14,4.6293998108658203e-14,5.4137390754229116e-14,5.706530945505568e-14,6.241841975435833e-14,2.5591545603222365e-14,2.6716051494416843e-14,3.5982783224262376e-14,1.3175659370237789e-14,3.186186705563735e-14,2.7222964489624005e-14,2.2647086123858963e-14
23.75,2.016997918502223e-12,1.4489959786380394e-12,1.2759460310624792e-12,7.80043074673774e-14,8.447457443683208e-14,1.2163316139988024e-13,5.6785950714581586e-14,6.223008929744222e-14,6.766505868749768e-14,2.2382152968202527e-14,4.235736184723869e-14,5.053521466895845e-14,6.799703109767948e-14,8.158548950979829e-14,2.730828297073532e-14,2.5881983123539895e-14,3.949412187323647e-14,1.18640217618966e-14,2.92599413573148e-14,2.9246349227875816e-14,1.8717461345084844e-14
24.0,1.8822558779493005e-12,1.4285387351965082e-12,1.3874670413493406e-12,8.060749545238905e-14,8.909844514985528e-14,1.160027452755909e-13,6.388249842407954e-14,5.925541203366322e-14,6.396116810997269e-14,2.5745429447356204e-14,3.2228312740757934e-14,4.480764543159463e-14,5.2723463038551105e-14,6.714667357553902e-14,2.498286617341581e-14,2.9881720611703686e-14,4.226950955034968e-14,1.620762440684205e-14,2.3842103905982332e-14,2.8141755916110745e-14,2.0420355536568646e-14
24.25,1.763465848688905e-12,1.4568076564561766e-12,1.3607691308365997e-12,8.442337957790909e-14,9.280722703397263e-14,1.2578046855902547e-13,5.894668965385014e-14,6.4848236719227e-14,5.952752839507173e-14,2.9814841254499157e-14,4.0557872129627054e-14,4.36989324592031e-14,5.427180270499649e-14,5.929889799960132e-14,2.845107389946885e-14,2.8261530693875823e-14,4.486085169187087e-14,1.3597305073992644e-14,2.448211992527177e-14,2.246305740115051e-14,2.350488789392684e-14
24.5,1.8150860143999846e-12,1.3028709670109829e-12,1.2778272789742394e-12,9.608138455918951e-14,9.773766101214357e-14,1.356247012649751e-13,4.6121015574970564e-14,4.8374885695516254e-14,4.805642365725489e-14,2.8127757344234264e-14,4.306011056709169e-14,4.621427829300819e-14,5.895995415265525e-14,7.390180001458292e-14,2.871984428503202e-14,3.0603371019374205e-14,4.305238543276755e-14,1.4708287369227284e-14,2.4775198134462947e-14,2.255777699489813e-14,1.913877366922244e-14
24.75,1.5546902669001451e-12,1.0357589548642495e-12,1.0177802979604556e-12,9.90416339633123e-14,8.982568452937787e-14,1.4593468814139642e-13,5.645313999241819e-14,4.686905542794482e-14,6.060092043641564e-14,2.7617875513019617e-14,3.746445077003755e-14,4.121403494300219e-14,5.083270004841918e-14,6.590579416748448e-14,2.4405544024472473e-14,2.81160427133293e-14,4.041054575618197e-14,1.2610576983677788e-14,2.9807301303877e-14,2.694824466220261e-14,1.554472704827315e-14
25.0,1.8113352305458765e-12,1.4258559652734163e-12,1.3206638030438192e-12,1.0563722619013558e-13,8.05842325584191e-14,1.3866446138228748e-13,5.859616144041949e-14,4.6756436783842726e-14,5.616754444780545e-14,2.5270161605800458e-14,3.5369038589802314e-14,3.690915763408139e-14,4.97591957931305e-14,6.035912536042222e-14,2.6000809486270885e-14,2.543566637389495e-14,3.656716511230734e-14,1.1985569553338665e-14,3.2900520753688284e-14,2.466423444271665e-14,1.3936315959452426e-14
25.25,1.8406442776433463e-12,1.3212006330045993e-12,1.3448755246690781e-12,8.972354803931886e-14,8.765667282310948e-14,1.2641744762096105e-13,6.029898235180175e-14,5.129123713166607e-14,4.874006348178752e-14,1.7228766073562987e-14,2.979091798572804e-14,3.4767501445388067e-14,5.165147003759342e-14,6.573752902793759e-14,2.7180667816583592e-14,2.2564135355051685e-14,3.0793824553316436e-14,1.316900401625253e-14,2.593615428245045e-14,2.1555703964359506e-14,1.7063757166275657e-14
25.5,1.5799700716642676e-12,1.0708184789522843e-12,1.0845082319254113e-12,6.570141887224739e-14,7.518651114182554e-14,1.0882533761401372e-13,6.110148938032978e-14,4.572984383024738e-14,5.5625009978874546e-14,2.2002536695847656e-14,3.0048152852008855e-14,3.6770636735958236e-14,5.194778320150815e-14,6.370906903189391e-14,2.8329470367207196e-14,2.7981336265660623e-14,3.42892548621411e-14,1.5441174518649778e-14,1.9743307415608686e-14,1.7316031132583654e-14,1.7882520492136164e-14
25.75,1.6320205680359726e-12,9.664862611457829e-13,9.903795530243426e-13,8.400033220737803e-14,8.720006672276255e-14,1.4315574517944326e-13,5.243279778381663e-14,4.854613892144545e-14,5.1818024138590356e-14,2.2124513239906113e-14,3.33892625507819e-14,4.7161414011490613e-14,5.6632955686902973e-14,6.880894076429588e-14,3.038239063168027e-14,3.52202543260981e-14,4.138373066434682e-14,1.667609980557478e-14,1.9764121549685747e-14,1.6728304014524407e-14,1.5813890981140994e-14
26.0,1.2718816981170384e-12,9.477296348450518e-13,8.743929754561081e-13,7.831631161161353e-14,9.834250503205749e-14,1.2306805239507663e-13,6.600744208769574e-14,5.844453041606018e-14,5.4925085958718486e-14,2.1414789914459094e-14,3.973248427239953e-14,3.5863923588778395e-14,5.449055527360425e-14,5.941789121278581e-14,2.2428789184961688e-14,2.5544896190615786e-14,4.147799275469709e-14,1.4729217166342104e-14,2.0713597509668756e-14,1.7975760403259077e-14,1.5970311360353184e-14
26.25,1.2014144264939e-12,1.0813105686756443e-12,9.420989397567371e-13,7.968721886423068e-14,7.362645098911645e-14,1.1260393984792893e-13,6.460509254930018e-14,5.542356223810974e-14,5.101296066687235e-14,2.363535642754352e-14,3.623604829175347e-14,3.6981431909993664e-14,4.914883932189435e-14,5.6574536252188775e-14,1.9167149875626717e-14,1.8950726909441096e-14,3.3376884946397935e-14,1.4153655787571528e-14,2.330582310373543e-14,2.38864191829996e-14,1.6978324630969785e-14
26.5,1.159983517132515e-12,1.0384539462780832e-12,8.903370839945869e-13,8.876643911727984e-14,6.327449942630538e-14,1.2980902113732508e-13,6.99536850108937e-14,6.137058775420814e-14,5.84051418049217e-14,2.780877575809979e-14,4.3807770752175266e-14,4.6687846581266854e-14,5.851616027697475e-14,7.382605089474983e-14,2.1557355278219656e-14,2.4849511536237464e-14,3.6647035883047594e-14,1.422815760584281e-14,2.3963782377421135e-14,2.8889169495628807e-14,1.6255289056523273e-14
26.75,1.439810338116703e-12,1.1622897508739708e-12,1.0608799716306692e-12,7.820100729186324e-14,7.715380285895811e-14,1.2383086168684277e-13,7.298416471781931e-14,5.923083076752061e-14,5.030362194938368e-14,2.7649448322777604e-14,4.828642543913595e-14,5.121494121518602e-14,5.686913388994815e-14,7.493044701719908e-14,2.1499606672786768e-14,2.1320160200698073e-14,3.573573378138074e-14,1.238310213058574e-14,2.313361509993228e-14,2.4681796573665867e-14,1.489363617132144e-14
27.0,1.2956141406339805e-12,9.83181373928714e-13,9.000582591099236e-13,6.825683193724133e-14,7.63962914076491e-14,1.0144222567474973e-13,8.173629255714615e-14,5.966105015458924e-14,5.089487764880067e-14,2.2883706656751516e-14,3.6278492745163765e-14,3.569659201069431e-14,5.34507788300266e-14,5.996078977249606e-14,2.6922004906023656e-14,2.5099572117937775e-14,3.496749040335138e-14,1.2040751192536914e-14,2.7137565141872145e-14,2.3014885525090206e-14,1.9327422614098754e-14
27.25,1.2072072883518318e-12,9.785508824785464e-13,9.475928730712828e-13,6.588080110439608e-14,6.59561175495549e-14,8.586078841534014e-14,8.385298874925291e-14,5.5530615210660086e-14,4.642625792821908e-14,2.4864034261257678e-14,3.123380646378641e-14,3.186825896989243e-14,5.025243254329963e-14,6.231626035227043e-14,2.7522970500493667e-14,2.3451487953413047e-14,3.0860276391134555e-14,1.0653907333272377e-14,2.596254469618078e-14,2.4840281699294412e-14,2.0604415326607167e-14
27.5,1.2565144488616432e-12,1.0684526398449248e-12,9.892608761839506e-13,8.095284354393194e-14,6.894776780361892e-14,8.648860301987298e-14,8.459914996015093e-14,4.864856265425866e-14,3.99712628397991e-14,2.8396840335448205e-14,4.014427833545419e-14,4.0042554213679997e-14,4.3835113150302554e-14,5.5884785568866564e-14,2.2285253568267627e-14,2.44632500020481e-14,2.6648075509710494e-14,1.3266601364712019e-14,2.5315517954838356e-14,2.195836446269304e-14,1.7661085674878044e-14
27.75,1.306247390265529e-12,1.1383644062753846e-12,1.047147595771002e-12,6.78352305147644e-14,6.808287658030807e-14,8.613490484780991e-14,1.0653437879839409e-13,7.686782104681025e-14,6.214660463912734e-14,2.5075599007892537e-14,4.3856888473055014e-14,3.697381284701847e-14,4.790638405910887e-14,5.90713916440988e-14,2.3966609585241655e-14,2.771642874709094e-14,3.442796311463406e-14,1.516809199844747e-14,2.2241057190656505e-14,2.380092021957132e-14,1.982133886907153e-14
28.0,1.2448056683831666e-12,1.0228784933750458e-12,9.7910956625289e-13,7.338357186891486e-14,7.732534440343095e-14,8.984939475345062e-14,1.0013452461435643e-13,6.509603503925845e-14,5.521566727093167e-14,2.4617017841247852e-14,4.0594710273456e-14,3.593491615958082e-14,5.120303220822274e-14,5.835376345005076e-14,2.8405673267426348e-14,2.9652686269708256e-14,3.602143211325757e-14,1.555480502016472e-14,2.78807712298907e-14,2.742080981672686e-14,1.9823989803581702e-14
28.25,1.3380275235748141e-12,8.714662082402888e-13,9.134130921180278e-13,8.692342515498478e-14,7.857406270336229e-14,9.319432868062854e-14,9.917046921989703e-14,6.61196025155524e-14,5.834570104101768e-14,2.8528479144518247e-14,4.6948073380761435e-14,4.847689086956723e-14,4.1891423563398427e-14,6.022436687255102e-14,2.2620041115479008e-14,2.3678912315225782e-14,3.4143468628864074e-14,1.4513692467345018e-14,2.709073806573474e-14,2.8726706036348667e-14,1.7972040790752966e-14
28.5,1.0444548676780404e-12,8.741564493960669e-13,7.808758393747314e-13,9.522276259535113e-14,8.641717789500132e-14,1.1262232058792309e-13,1.1125043171919734e-13,7.276246905219148e-14,5.219612230919558e-14,3.734270616712203e-14,5.2834874500542456e-14,5.747330129590916e-14,5.63718573929729e-14,7.475832475988387e-14,2.297768020333598e-14,2.3306521813063078e-14,3.403075394995384e-14,1.427015168081377e-14,2.4954096000133407e-14,2.8519027086332975e-14,2.437057547826871e-14
28.75,9.611589748449587e-13,8.177799514868452e-13,7.671805848717469e-13,1.0648749773552401e-13,9.12700031303431e-14,1.1480253717784567e-13,1.3695622477456092e-13,7.248878878955571e-14,6.695973397965854e-14,3.210653214585076e-14,4.797114685881594e-14,5.48671166410171e-14,5.790833983831449e-14,8.13574096210436e-14,2.451741395231245e-14,2.879892763916608e-14,4.282636054750857e-14,1.479075259386088e-14,2.834353698864518e-14,3.045914948209199e-14,3.2442023255767834e-14
29.0,9.991317442459408e-13,9.34863257115262e-13,7.78997709423584e-13,1.3295776507395912e-13,8.573732904376315e-14,1.3102869690448634e-13,1.4229214694423548e-13,7.507130349261158e-14,5.701320137578234e-14,3.066665351824523e-14,5.0595732517596863e-14,5.25219162690712e-14,5.531843786784646e-14,7.12520006474507e-14,2.1524650012089087e-14,2.7902829763371593e-14,4.1910079959574766e-14,1.8277943578317953e-14,3.1042735488883444e-14,2.7378783154061516e-14,2.931297414477007e-14
29.25,9.24414980429026e-13,9.035113393474926e-13,8.008320382339963e-13,1.345029186474536e-13,9.911973961149352e-14,1.5617926729784546e-13,1.7622603913474828e-13,1.1981470698878832e-13,7.896017284670832e-14,4.1717109557057285e-14,8.850159511400947e-14,8.21547822018195e-14,6.811867054140005e-14,8.268207843308634e-14,2.3652016266660613e-14,3.7522925831790726e-14,5.997280494080822e-14,2.0397468229518378e-14,2.9396644169618484e-14,2.8155588558531743e-14,3.377412746750397e-14
29.5,1.2353179161985669e-12,7.831058380450161e-13,1.0154923857215357e-12,1.6435239887446962e-13,1.0794652413151366e-13,1.6873494918639104e-13,2.158313489408597e-13,1.1985048049288123e-13,9.541939870722258e-14,4.218254862198988e-14,7.763743158033142e-14,7.997905933782016e-14,8.368117636680986e-14,9.479391687855374e-14,2.6000134068293516e-14,3.7142229517408784e-14,6.060876091927715e-14,1.8604320762798736e-14,2.465315568108312e-14,2.9544403079149755e-14,4.4453606088239826e-14
29.75,1.1776486749236881e-12,8.057008978165915e-13,9.392236372404361e-13,1.611698739320398e-13,1.0694111060346467e-13,1.7496452065669446e-13,2.3203020461630717e-13,1.331522684590129e-13,1.0802357697230563e-13,3.779820479262815e-14,9.485586584078684e-14,8.8907712253585e-14,8.642273326535367e-14,9.374374515645947e-14,2.5517182486506882e-14,3.3879645487786465e-14,4.6856913533393036e-14,1.814437444664985e-14,2.6143827546898754e-14,3.0114379361143934e-14,4.2631527843977437e-14
30.0,9.33577142838798e-13,7.608066065737303e-13,7.511624136727413e-13,1.2890928093572127e-13,9.317861702340486e-14,1.4995450156807888e-13,2.0780549829501395e-13,1.1855314915450495e-13,1.089893370163388e-13,3.795544085232185e-14,7.95034443266677e-14,7.260533716830542e-14,8.695031142687712e-14,9.25892991881411e-14,2.4608666395393506e-14,3.800337798316491e-14,4.4903283086774724e-14,1.967968615870653e-14,3.08186717097878e-14,3.236598465516758e-14,4.7130479370588747e-14
30.25,1.0471286724122459e-12,8.349763666648986e-13,7.932188435695668e-13,1.2471656362803965e-13,9.140025582331615e-14,1.2341583788505203e-13,1.988116373885871e-13,1.1024170986929809e-13,1.0369448391754976e-13,3.843505062426175e-14,6.874598215955274e-14,6.212366428360081e-14,7.528841735860016e-14,8.293271295708241e-14,2.1438603202332605e-14,2.8673827769246754e-14,3.477151726608511e-14,1.4767964833193304e-14,2.4943904224939194e-14,2.881913225608789e-14,3.756564303086016e-14
30.5,1.3363521430055494e-12,1.0056417719334815e-12,1.0783662506313885e-12,1.1749241370880288e-13,9.883282313089039e-14,1.395531744441614e-13,2.457052549308252e-13,1.5279181942736433e-13,1.1596143624739795e-13,3.86586781415632e-14,8.16827098052307e-14,7.362392494975154e-14,9.554536926458763e-14,1.102041495114084e-13,2.5576287757402495e-14,3.7426249075189234e-14,5.029702584637903e-14,1.643705564434415e-14,2.937303790940239e-14,3.512260360377313e-14,4.788707407048804e-14
30.75,1.2282024769811093e-12,8.742809436922146e-13,9.73850255282139e-13,1.2698782985081042e-13,1.1699431803692842e-13,1.735397941881967e-13,2.651226128396588e-13,1.7443039728938308e-13,1.1948529227128444e-13,4.3279838537022486e-14,9.142733009391901e-14,7.600958607568109e-14,8.768825157022276e-14,9.720614542801071e-14,2.2649889580452186e-14,4.317883638809542e-14,5.917392167688283e-14,2.2070159284084312e-14,3.365336564942777e-14,4.112304457372621e-14,4.3131417211063546e-14
31.0,1.356265215139333e-12,9.306944025307513e-13,1.0246284916505901e-12,1.7412685506220538e-13,1.4406300898410482e-13,2.151120759212736e-13,2.3387950626927625e-13,1.538240385766225e-13,1.0155572628111785e-13,4.295570495572681e-14,1.0825759791295289e-13,9.165068486170954e-14,9.057422996511354e-14,1.0101613640430718e-13,2.5405373692354908e-14,4.7781099670191995e-14,7.086989264115506e-14,1.9397275983584776e-14,3.5059262237917285e-14,3.884779026603397e-14,4.248546168801496e-14
31.25,1.3291654711825119e-12,8.7758227421413e-13,9.95855443267075e-13,1.2719961441906875e-13,1.1086798602207461e-13,1.7033605283138085e-13,2.1012459224359772e-13,1.4694670452235833e-13,1.0996718012193422e-13,3.6504042141679185e-14,7.769156241259493e-14,7.929744429738073e-14,9.862872383711626e-14,1.120663218928381e-13,2.7606544402837844e-14,5.2000327882760524e-14,7.333374116713442e-14,2.0481505879402193e-14,3.5325958469964504e-14,3.7491421279389065e-14,6.270244266752827e-14
31.5,1.17041582950834e-12,7.972751747761526e-13,9.206688533668316e-13,1.3227525198179444e-13,1.2784254391989885e-13,1.883582667925723e-13,2.451143712877634e-13,1.9663231282296063e-13,1.4504304171266106e-13,4.2594164984866176e-14,7.97791872583559e-14,7.838590944661118e-14,8.729090252147461e-14,9.270128847220326e-14,2.7309758707431968e-14,5.0803679327519797e-14,6.21975500465053e-14,2.2232788583742255e-14,3.5224782072615307e-14,3.5159746805779574e-14,5.300323835594636e-14
31.75,1.434566661067399e-12,8.656631057194143e-13,1.029845857122505e-12,1.340617837201406e-13,1.587665221618798e-13,2.0907773352224124e-13,2.929645791707447e-13,2.273738373572453e-13,1.573779844978013e-13,4.2969965892036117e-14,1.0398595057391369e-13,9.05233316914271e-14,1.0352780298495312e-13,1.0460068360128402e-13,3.053899776484624e-14,5.4043017268859576e-14,6.888966377648845e-14,2.1365292258303536e-14,2.9982613554578416e-14,3.0839178316613326e-14,5.843698027808224e-14
32.0,1.1267541892484425e-12,6.726997284748733e-13,7.905379808797169e-13,1.2662539451719048e-13,1.556606174826515e-13,1.8150514597456064e-13,2.9468242402686154e-13,2.1520599443544865e-13,1.713937113726473e-13,4.561595076206788e-14,9.198761659694493e-14,8.5991185779571e-14,9.916688734234941e-14,1.0384345596501859e-13,2.853628262012308e-14,5.332548113365692e-14,6.640509815007602e-14,1.9963148288277778e-14,3.304805924789233e-14,3.6719614372863595e-14,6.74582098060406e-14
32.25,1.0331353344874649e-12,7.789755173823018e-13,8.674866998378118e-13,1.1918099830381216e-13,1.3712142812730945e-13,1.5205472457815924e-13,2.679210772790336e-13,1.6492924326156444e-13,1.502145052797988e-13,4.160808215284956e-14,8.04430709581042e-14,7.944714498166375e-14,9.404771394083016e-14,1.1266049622181654e-13,2.5819549719601136e-14,4.924111073086689e-14,6.203333923122618e-14,2.244588543826553e-14,3.230340033521658e-14,3.773431542942105e-14,5.824195882930248e-14
32.5,1.2503895058282373e-12,8.554646227138393e-13,9.39844704016821e-13,1.0188591143125045e-13,1.0522128771253919e-13,1.4213248801894213e-13,1.9666122440684583e-13,1.4803991710451135e-13,1.1770962681128045e-13,3.220725212047262e-14,6.787560294002258e-14,7.117342011441722e-14,9.199102829594797e-14,1.0078188784978695e-13,2.597598346295058e-14,4.44593992722365e-14,4.9530913653305576e-14,1.8285331428977e-14,3.3069617820598664e-14,3.384562791068655e-14,5.2078837230325497e-14
32.75,1.0387590347800383e-12,6.928285247333615e-13,7.640671787784934e-13,9.230730900339647e-14,1.1084420357532353e-13,1.470271480649434e-13,1.4157941844703072e-13,1.1453919058101963e-13,8.047192628317654e-14,4.008559560593163e-14,7.184355058651303e-14,6.805245093793327e-14,8.187679243704118e-14,7.912583497597954e-14,2.522538120845481e-14,3.5493080618557306e-14,4.870788536641027e-14,1.52157734436094e-14,2.4826920821005926e-14,2.235701211818215e-14,4.524557209763312e-14
33.0,1.0716403583911454e-12,6.851654410148303e-13,7.301557765896758e-13,9.659373635965135e-14,1.0488540401327274e-13,1.3815456065409396e-13,1.385611220610218e-13,1.2147946752070722e-13,1.0015818768553473e-13,3.772483012433755e-14,6.820991524453392e-14,6.677974045912816e-14,7.460251480594857e-14,8.17874800493956e-14,2.443722990070125e-14,3.327704476291446e-14,4.949692498522845e-14,1.5411761366425214e-14,3.068419019269426e-14,2.895333323692513e-14,3.472835473438515e-14
33.25,1.0614971413261353e-12,7.680269106294709e-13,7.666259338562839e-13,9.853336154649573e-14,1.1309350039975915e-13,1.4185519504396808e-13,1.9097414813103492e-13,1.4525918092894607e-13,1.0765670742360284e-13,3.114588028562378e-14,6.486393278515908e-14,5.922488934681227e-14,6.602977006343315e-14,7.319136964789524e-14,2.412288976976346e-14,4.0685339569244435e-14,5.695543888918939e-14,1.3158170343591766e-14,2.978540374007558e-14,3.118686717597379e-14,3.6822017181049154e-14
33.5,1.196248656096964e-12,6.599409710240388e-13,7.585096628537621e-13,9.937628341991588e-14,1.2495501397280672e-13,1.4165181112147836e-13,1.7258268429138606e-13,1.2997343029133315e-13,9.238408167175368e-14,2.81381237338164e-14,6.850017565995511e-14,6.177441814678549e-14,5.797597186946368e-14,6.127789435183029e-14,2.2922581765549473e-14,3.6362399772256317e-14,4.884074329010921e-14,1.5054597085227408e-14,2.6231193192153363e-14,3.080843995515079e-14,4.049561508775907e-14
33.75,1.2369617994350528e-12,7.040674529131839e-13,7.76187467650468e-13,9.303260010613984e-14,9.908948369637268e-14,1.2568867671113905e-13,1.2362643831939286e-13,8.770616127942558e-14,7.002758039509009e-14,2.357349859323482e-14,4.5593399682428566e-14,5.0304153344646635e-14,5.625799475853213e-14,6.01277480958827e-14,2.4339868754644056e-14,3.505119644722702e-14,4.19585291384885e-14,1.559887424012222e-14,2.502535844818805e-14,2.521573531625335e-14,3.68310506600739e-14
34.0,1.471538218442624e-12,7.800703994824151e-13,9.126395480827221e-13,9.494724823264517e-14,8.694027401601518e-14,1.3307777670842122e-13,1.2141393323181161e-13,1.0042705747167997e-13,6.664386042573038e-14,2.881440799617487e-14,5.004747666435549e-14,5.54123389047088e-14,5.763547780295078e-14,6.177988846387417e-14,1.8710171227850334e-14,3.84626459597581e-14,4.5638455419854766e-14,1.5000785835473756e-14,2.3864843325295e-14,2.896480627814341e-14,3.832443130742489e-14
34.25,1.4756411668260759e-12,8.051962480107574e-13,9.26282129111961e-13,7.129063832895673e-14,6.986085658203676e-14,1.033311691119183e-13,1.2528793002942726e-13,8.312351459644156e-14,6.571023716416604e-14,2.7341471576368678e-14,3.892868305334563e-14,4.4885140680305424e-14,5.881444122995502e-14,6.399037800550492e-14,1.9315376955001022e-14,3.5048702015200226e-14,4.003175277349913e-14,1.3813719399227219e-14,2.347161210929673e-14,2.7187938894336153e-14,3.0442821772224944e-14
34.5,1.284935224596647e-12,7.506123136332589e-13,7.754161964775321e-13,7.88544630741749e-14,7.147068683736093e-14,1.0026094204754392e-13,9.648920199725503e-14,6.454607584880654e-14,4.745326772735404e-14,2.9315494768726346e-14,3.825571363133697e-14,4.4022730229049846e-14,7.189203057757611e-14,6.558539617331379e-14,2.2654525076750584e-14,2.940922606102396e-14,3.885842861166237e-14,1.4760859645934255e-14,2.343475078311525e-14,2.3532904359722778e-14,2.683711395955268e-14
34.75,1.1014149777993281e-12,7.382360180440195e-13,6.905448684996233e-13,7.675941841907241e-14,7.166245472567434e-14,1.0356785911348059e-13,6.10752154879151e-14,5.2131475887730484e-14,3.6987820849912993e-14,2.911205288860841e-14,4.0526494999754846e-14,4.319425478220344e-14,7.294125689685963e-14,7.370017279437951e-14,2.426932172393835e-14,3.1189899845767876e-14,4.06722503668461e-14,1.4174693461922298e-14,2.7236467310160804e-14,2.4606414091892076e-14,2.882620052884816e-14
35.0,8.678618742237791e-13,5.530668692678151e-13,5.134041686896161e-13,6.27895574296405e-14,6.332971239414034e-14,8.255767577760102e-14,6.743757261143329e-14,5.5317183963620966e-14,3.953442545203274e-14,2.14720509391832e-14,3.502629468557565e-14,2.9910198508183366e-14,6.738994895048558e-14,7.101155321198146e-14,2.225691972997738e-14,2.918503021637096e-14,3.990495912014197e-14,1.4266401965161968e-14,2.91199809230566e-14,2.8165230715852768e-14,2.943893857528215e-14
35.25,9.132541421333409e-13,6.320443052597165e-13,6.580458876174675e-13,6.306429430690994e-14,6.260619946142781e-14,7.168922284973371e-14,6.060467015748402e-14,4.411662409081125e-14,4.1472526223523395e-14,1.9410182535857292e-14,3.1463950017452236e-14,2.9603577787527864e-14,5.4052741556443385e-14,5.89493248033661e-14,2.1796372311726584e-14,2.6610647351922847e-14,3.5432102387322684e-14,1.5749180482497103e-14,2.30163381340431e-14,2.3910170389393014e-14,2.2754721603316065e-14
35.5,1.157231900619893e-12,5.694362532932213e-13,6.615598872576402e-13,6.062642325404322e-14,6.400501461255018e-14,7.450250917089712e-14,5.890725622996127e-14,5.0386027523833576e-14,4.4765440843999325e-14,2.3201961290931014e-14,3.051788381233516e-14,3.01830896336787e-14,5.5420784669867716e-14,6.192330399474765e-14,2.3959666440048366e-14,2.6031282789490883e-14,3.369631711483568e-14,1.2779373741621351e-14,2.335126930933806e-14,2.0903766038739064e-14,2.2984218303374158e-14
35.75,1.3719863345282305e-12,6.368396075894439e-13,7.542033537828083e-13,6.86010903018323e-14,6.475596419362534e-14,8.615641850009347e-14,6.423766022552297e-14,6.33649853837843e-14,4.6994779078029275e-14,1.9089807554084475e-14,2.6816202769092693e-14,3.3783633907521354e-14,5.0356742991598283e-14,5.0480207837702355e-14,2.1098999517309072e-14,2.958969424508985e-14,3.7662070760424205e-14,1.2958009980495335e-14,2.640707308457179e-14,2.1746199024754264e-14,2.245678270903032e-14
36.0,1.1083770005699269e-12,6.515841389363768e-13,6.62922023230314e-13,8.300638044044303e-14,7.327509079303444e-14,9.888131217693397e-14,7.057770459860468e-14,5.806425074452358e-14,4.309741598295383e-14,1.8713413193168708e-14,3.2482049935744447e-14,3.566721511988674e-14,4.2028221234821e-14,4.1888336734872264e-14,1.9717858767669713e-14,2.8143047286435014e-14,3.778439874597592e-14,1.6760421636908772e-14,2.0108079205791385e-14,1.990417853199165e-14,1.9754340434665886e-14
36.25,1.0940949819094848e-12,7.209532853396918e-13,6.995467549991166e-13,6.467163457205073e-14,6.906091736934228e-14,7.871928732819201e-14,6.226393177573748e-14,4.934290871728421e-14,3.7774267699430106e-14,1.4248582493967876e-14,2.435790063246691e-14,2.4802864365377757e-14,4.7692239274613794e-14,5.3052965293761875e-14,2.614249111338572e-14,2.8129876664466306e-14,3.4110890204763915e-14,1.656498723442454e-14,2.0160070307310904e-14,1.7097124159759323e-14,1.8037234601547856e-14
36.5,1.3000028798132054e-12,7.485455235648736e-13,7.4123770666657e-13,7.006973087933945e-14,6.276178294011444e-14,7.532187706197622e-14,5.81278980093118e-14,5.082598227873216e-14,3.939966300785227e-14,1.780862676217927e-14,2.5450096705147027e-14,2.6616604912733477e-14,4.76634037491302e-14,5.639523081243234e-14,2.1610451172509128e-14,2.280544778495145e-14,2.809148431112924e-14,1.3705440556818686e-14,2.2593980891847827e-14,1.8403289281385742e-14,2.02221499320016e-14
36.75,1.005223053667518e-12,5.588814363521689e-13,5.778133739396876e-13,7.541775994434929e-14,7.075465371750031e-14,9.36200666574609e-14,5.876974329517403e-14,4.860985004657147e-14,4.167186865754941e-14,2.181047892294575e-14,2.4661886866107305e-14,2.3373065329981318e-14,4.863623483122304e-14,4.9536214926699306e-14,1.7151586795070408e-14,2.1758644567946497e-14,2.68067528770229e-14,1.2864348849566247e-14,2.444662991319963e-14,1.492532584466898e-14,1.541780359958455e-14
37.0,1.2826744092504076e-12,5.401950631599485e-13,6.308129293117e-13,6.52815196196703e-14,7.167253657313227e-14,9.656464361420291e-14,4.412543215788161e-14,4.133776466496421e-14,3.2629107074826807e-14,1.9344149114773854e-14,3.076363842387004e-14,2.7906140598195337e-14,4.8166520203821665e-14,5.208867478428903e-14,2.1703249656182485e-14,2.7665189121802855e-14,3.332335879034087e-14,1.4917972215390108e-14,2.20650191634764e-14,1.62235649875408e-14,1.7806859416322712e-14
37.25,1.4165993705678866e-12,6.796727686418031e-13,6.940822882518908e-13,5.606138069795261e-14,6.283375840470368e-14,8.334363924010294e-14,4.0476975749311664e-14,4.2595402043850857e-14,3.234619287958451e-14,2.0500985305875187e-14,3.2905144137035734e-14,2.954723822594253e-14,4.847702225747738e-14,4.8686591287222186e-14,2.2290609388222546e-14,3.0607582600478745e-14,3.034396529456743e-14,1.5662099721777926e-14,1.9944883838752665e-14,1.8215292883957307e-14,1.8439743831632644e-14
37.5,1.6818996297591062e-12,8.09443319334584e-13,8.370503486948407e-13,6.286505952053444e-14,6.680641232570121e-14,8.885376472243402e-14,4.2355581303687343e-14,4.654767282483886e-14,3.1383171957893317e-14,1.690100206081505e-14,2.902117918852524e-14,3.1641660903918795e-14,4.44892926577901e-14,4.489835616499259e-14,2.3321625780790097e-14,2.404002676949853e-14,2.90046133889026e-14,1.1679914764585999e-14,1.766374000941969e-14,1.928535886589816e-14,1.4064206637286997e-14
37.75,1.4127990027572834e-12,8.073904740444754e-13,7.908359801318861e-13,6.572003388501305e-14,5.665500757349885e-14,8.912646048195007e-14,5.337014983789001e-14,4.506219816313094e-14,3.0114338069153395e-14,1.6124008473078253e-14,2.4708614816041407e-14,2.875343681679633e-14,3.755173541339406e-14,3.3116186102858444e-14,1.7611672518499456e-14,1.9934641736492523e-14,2.5796592421263436e-14,1.086066081139248e-14,1.8947715984706926e-14,1.6471260362568302e-14,1.4250445883060494e-14
38.0,1.1365538890237435e-12,6.15473097131163e-13,6.300999884090862e-13,6.969383302984187e-14,6.81158239730867e-14,9.002593561128294e-14,5.977982278473611e-14,4.5213363822980816e-14,4.100114252593583e-14,2.0531906715257374e-14,3.413020685515807e-14,3.487579156120316e-14,4.2747029469811753e-14,3.7566278250671545e-14,1.663906444638519e-14,2.2415722428313418e-14,2.8162584861571226e-14,1.0597748392636623e-14,2.1035305212910366e-14,1.5683003776413656e-14,1.9117589023491988e-14
38.25,1.3571982843656888e-12,6.357067238878606e-13,6.57841003600292e-13,5.694655839151903e-14,5.4941714170648617e-14,6.691692371514921e-14,4.649608220926033e-14,3.3989449510089844e-14,3.124894554269312e-14,1.439615469746254e-14,2.6303699710557744e-14,2.1799234769324183e-14,4.474102284147895e-14,4.222181878807422e-14,1.7841783434165323e-14,2.1717831465344624e-14,2.7585059018668913e-14,1.5328324746306395e-14,2.429056677345502e-14,1.9691466597604387e-14,1.781003227617012e-14
38.5,1.5445482988322867e-12,7.077699087782006e-13,7.88551626036131e-13,4.912484873423748e-14,4.8103311998352014e-14,5.804297468899333e-14,5.021069158605741e-14,4.0641830495822464e-14,3.105116819865599e-14,1.494282006353413e-14,2.5302550723790005e-14,1.8896300204252964e-14,4.801724933882507e-14,5.0903191797853184e-14,1.811206685855949e-14,1.9792508270378184e-14,2.3263146853552326e-14,1.6259429593529028e-14,2.074099362775721e-14,1.6676783496045538e-14,1.4647984333643305e-14
38.75,1.6272322475075808e-12,8.468879667551883e-13,9.027802867977354e-13,4.569658314398217e-14,5.2267597862114413e-14,5.920797033903464e-14,5.3125115970363467e-14,4.970330597614647e-14,3.48079056418437e-14,1.497386956328831e-14,2.0916085086312634e-14,2.116808708526449e-14,4.530129825138634e-14,5.084934406008683e-14,2.2558749331306814e-14,2.3575552808965336e-14,2.83598223193896e-14,1.1530331675634734e-14,2.0677811174832178e-14,1.991587815251005e-14,1.7622938742759747e-14
39.0,1.5517422263631398e-12,6.435870890807865e-13,7.280265777459009e-13,5.4135804519194896e-14,4.839545802172216e-14,6.740947608484183e-14,4.2165889171692926e-14,3.831580228001041e-14,3.03043608195333e-14,1.4339621068718902e-14,2.014248921108483e-14,2.2512238591896333e-14,3.176522963093138e-14,4.222576755916431e-14,2.0824217987936005e-14,2.0584158309036864e-14,2.8366592396807967e-14,1.4816366056454116e-14,1.9894950063441358e-14,2.3729554034629998e-14,1.4774400512134337e-14
39.25,1.879337250114774e-12,6.86519194948863e-13,8.218397055491714e-13,4.9679801406296726e-14,4.049567894096966e-14,6.058052012384028e-14,4.540738687414586e-14,3.932957094579522e-14,3.2731509544718094e-14,1.7405443950374472e-14,2.7120406166461107e-14,2.0550638821560818e-14,3.5832172688263385e-14,4.0026266020233056e-14,1.7905153751880133e-14,1.999290379655765e-14,2.8420494822358132e-14,1.5510743808639614e-14,2.1194813374506067e-14,1.853829937017546e-14,1.3931083513954755e-14
39.5,1.7306430923906498e-12,7.793274332663856e-13,8.115526180249016e-13,5.712559303606106e-14,4.956825251248942e-14,6.750553311680425e-14,5.4639675459834926e-14,3.502152714736327e-14,2.6778434115321634e-14,1.768875592787331e-14,2.4687718889512013e-14,3.0170432146718e-14,3.462530281386187e-14,3.3197910352736816e-14,1.683560983793946e-14,2.0048350561306244e-14,2.5148953856942913e-14,1.3019032334263774e-14,2.0069942239393023e-14,1.584748336407616e-14,1.529141640687684e-14
39.75,1.6968592402087308e-12,7.018610388614213e-13,7.658596580540202e-13,5.188363302714898e-14,4.829607692504356e-14,6.436125867220927e-14,4.2722882834532984e-14,3.527124428184075e-14,2.5197100774848553e-14,1.5927805140521925e-14,2.4369459728065586e-14,2.8201338938465878e-14,3.3454032875070754e-14,3.149336516767362e-14,1.6981197484970978e-14,1.9561995872485284e-14,2.7345790235157952e-14,1.0822666041656675e-14,1.6126137785787473e-14,1.5607390823235398e-14,1.451462149352801e-14
40.0,1.4569989312607662e-12,5.773833124644889e-13,6.409746083352175e-13,5.931990288258012e-14,6.159083403995557e-14,7.792174699689659e-14,3.726045708498293e-14,3.324880663628216e-14,3.0018179591781155e-14,1.44557256874561e-14,2.458105412436024e-14,2.493312516047376e-14,3.6179285300635894e-14,3.516496838841028e-14,1.8422752865033818e-14,2.2982243332732856e-14,2.666589461802684e-14,1.1235251180140002e-14,1.4938564673005524e-14,1.8101851553572965e-14,1.5553269939869638e-14
40.25,1.7925881364782832e-12,7.136683659475068e-13,8.461242751463532e-13,5.5737498783166604e-14,5.46627949431066e-14,8.591841889892876e-14,3.851007540399542e-14,3.2195382843916444e-14,3.213707856892689e-14,1.6303532412184845e-14,2.689051284688747e-14,2.965776316934578e-14,3.2951521351775713e-14,3.0174422049023507e-14,1.759690109411259e-14,2.3958577541262042e-14,2.870421459153639e-14,1.205944399405414e-14,1.4447619186115077e-14,1.6161835613077883e-14,1.75496098537211e-14
40.5,2.0024622844355326e-12,6.942488222064046e-13,8.069062301550914e-13,4.354170908622112e-14,4.593858156547264e-14,6.708739082900405e-14,4.103510841426727e-14,3.947506425203757e-14,2.9942937716296876e-14,1.869745329679839e-14,3.0649224641037713e-14,2.5729459384552485e-14,3.404232584553983e-14,3.5508227337985576e-14,1.7954167511853493e-14,2.029742352759985e-14,2.5463547161545052e-14,1.3504046167333516e-14,2.192084199912527e-14,1.8594753597416552e-14,1.296408842704226e-14
40.75,1.6918259874197521e-12,7.142493330537733e-13,6.976569441877345e-13,5.344216645992715e-14,5.434049373905644e-14,7.06422272453663e-14,3.5849098574221545e-14,3.739203733809865e-14,3.134942335376585e-14,1.7064507480875905e-14,2.7005947064523916e-14,2.5651006551036327e-14,3.5810457525261425e-14,4.1318970153092384e-14,1.8459755022862383e-14,1.6912219872332523e-14,2.403877052737993e-14,1.1823551180206893e-14,1.9691772793283e-14,1.8457751960532398e-14,1.3556959583415183e-14
41.0,1.638074528436896e-12,5.999161486662295e-13,6.77436144415801e-13,5.994430945766691e-14,5.754552347032387e-14,7.616010080912951e-14,3.887536342081276e-14,3.6853567807368766e-14,2.909398773493124e-14,1.755694285402108e-14,2.3191388975263915e-14,2.4870728923412455e-14,3.9317353094968207e-14,3.9179498376995256e-14,2.0206175400960016e-14,1.747066956222754e-14,2.2624350616212365e-14,1.4136496135894864e-14,2.131391901762988e-14,1.6479242070987662e-14,1.2323526954364626e-14
41.25,2.4026832888798737e-12,9.055438648877166e-13,1.1054603364847467e-12,4.7650780831112834e-14,4.8299191546178766e-14,5.718329919564763e-14,4.5742199008985483e-14,3.240633883687719e-14,2.9371840547686975e-14,2.203697289506371e-14,2.3511827834116598e-14,2.314118856393767e-14,3.5292061430970435e-14,4.0350360219435966e-14,2.017672547853565e-14,1.714538218963922e-14,2.194083923112015e-14,1.2118068060981618e-14,1.921377457653923e-14,1.6278964455895378e-14,1.2945124025572558e-14
41.5,1.7820045754457493e-12,8.015084976478239e-13,9.070292985280082e-13,5.11238715978653e-14,5.155973922153746e-14,6.694757748189049e-14,3.697580474999185e-14,2.8522110075083724e-14,2.534906621044054e-14,2.171646373612634e-14,2.7384232732051766e-14,2.887825933838179e-14,3.52210833315587e-14,3.129670915616917e-14,1.7795858563599422e-14,1.718890222285799e-14,2.3410021637266566e-14,1.4186078963686839e-14,1.9560736355513503e-14,1.4128015926786953e-14,1.3757145612701313e-14
41.75,1.2718306703321528e-12,5.936629062461057e-13,5.965872653085795e-13,5.870179845537637e-14,5.5711085007111547e-14,7.483606226045797e-14,3.867437074742557e-14,3.4013237907774646e-14,2.5853842415987e-14,1.7929717490938272e-14,2.3856136514036082e-14,2.7140436167958633e-14,4.0657092871494925e-14,3.8248366502645033e-14,1.8228089863235496e-14,1.7024826770029434e-14,2.189667966509642e-14,1.4784354418317296e-14,2.017988786695462e-14,1.7428941873188296e-14,1.3903813467799748e-14
42.0,1.840751131852405e-12,8.650905788771812e-13,8.846316617189436e-13,5.274105663594701e-14,5.792728750852122e-14,7.625430935382549e-14,3.673970986926497e-14,3.67213938578087e-14,2.827502080340744e-14,1.414258030023006e-14,2.135438941963979e-14,2.162181234105417e-14,2.8963546867913095e-14,3.0956077358310034e-14,1.6154707267513604e-14,2.067982437367881e-14,2.533384171730117e-14,1.5734002607205293e-14,1.5848612125631786e-14,1.7964570705702985e-14,1.342405753814832e-14
42.25,1.700995658263187e-12,8.009632409310471e-13,7.838456214980616e-13,4.7742978084625654e-14,5.551567762020637e-14,6.984234949787633e-14,4.16153375368006e-14,3.660023828207484e-14,3.342267963835024e-14,1.3574502832440835e-14,2.210548580458947e-14,2.3352815706370283e-14,3.536552304243414e-14,3.667444998801068e-14,1.9482429129069945e-14,1.8763090448059646e-14,2.5906623149795342e-14,1.6971340450540782e-14,1.8754057180207812e-14,2.1728978641410468e-14,1.3731193687862272e-14
42.5,1.7052793083075532e-12,6.342974453452521e-13,6.871394600227894e-13,4.8827622305040456e-14,5.3651275029752345e-14,7.246759247789667e-14,3.7464358534840856e-14,3.7184935032255286e-14,3.01583014466664e-14,1.6899985255805057e-14,2.7395955465616224e-14,2.3708071328277443e-14,3.066230049707432e-14,3.638528322111762e-14,1.686511897423767e-14,2.1950844503798845e-14,2.063358240687537e-14,1.519658134154936e-14,1.8796294957925098e-14,2.0844418585100808e-14,1.2869687080647479e-14
42.75,1.7900368820368363e-12,7.065346811118788e-13,7.906908825694024e-13,4.831839960207781e-14,4.678909879829115e-14,6.598659578855664e-14,3.005833829810198e-14,3.673229261097601e-14,2.636044190454938e-14,1.977161570843764e-14,2.0402042086790447e-14,2.3452711247539035e-14,3.105364301931958e-14,3.589701073218169e-14,1.359836952897432e-14,1.9740477572055434e-14,2.279779603883564e-14,1.4532146727990322e-14,1.8706521337368822e-14,2.0285848090273194e-14,1.1000903813487521e-14
43.0,1.8597308438066018e-12,6.490643844765683e-13,7.742537968130296e-13,4.6914501760996845e-14,4.1918445531703315e-14,6.138147215465047e-14,2.8205277805814494e-14,3.3672655604166124e-14,2.2552393260617953e-14,1.849722568468892e-14,2.0964042945344417e-14,2.7036985006736226e-14,3.676738383608776e-14,3.664325853620222e-14,1.4663695590916085e-14,1.5531564617298035e-14,1.8769145684018562e-14,1.5382221357336825e-14,1.4322595583836144e-14,1.8901747031849733e-14,9.615081371185503e-15
43.25,1.9292889372356236e-12,6.210353765421459e-13,7.677975697460358e-13,4.830401297567703e-14,5.159542340665735e-14,6.569988900247656e-14,3.481752076189567e-14,3.643301879920863e-14,2.610417464642154e-14,1.7544818319267404e-14,2.7962441674730817e-14,3.089353362221825e-14,4.1079180812060095e-14,3.8585066193311717e-14,1.8491089131964418e-14,1.7400624130839168e-14,2.461356927647281e-14,1.2607831240442987e-14,1.8225373250526625e-14,1.9192457550398854e-14,1.4081276188797518e-14
43.5,1.7951294232080611e-12,6.888047164255655e-13,7.580549113137138e-13,4.143680714684873e-14,4.640753544856859e-14,5.917702039914197e-14,3.3278120736665105e-14,3.898353689271939e-14,2.7168391684983242e-14,1.7774044505077444e-14,2.667885942304323e-14,2.860794016556218e-14,3.873647731861329e-14,4.3770218783404093e-14,2.0871557722752005e-14,1.9697677244355553e-14,2.6774428348660077e-14,1.531004740618885e-14,1.6613377706167784e-14,2.058165352815489e-14,1.5738502171204074e-14
43.75,1.6434050971308434e-12,5.320275470320739e-13,6.02306823796177e-13,3.785597151125326e-14,3.846325197130642e-14,5.2854602292528457e-14,3.5434129066014754e-14,3.304798431788913e-14,2.6621017255892225e-14,1.681470675939454e-14,2.5000968362276624e-14,2.6994916901739014e-14,3.6747778353162265e-14,4.3068997512944084e-14,1.730146621059088e-14,1.9732323608557272e-14,2.33157617382316e-14,1.3897149902289246e-14,1.6607648236739895e-14,2.1524217802571454e-14,1.2140977022831135e-14
44.0,1.894463488712043e-12,6.21466903653116e-13,7.707697277177063e-13,4.9429987572873194e-14,3.780921553343818e-14,5.366754928253848e-14,3.3318468351455515e-14,3.1476311828020425e-14,2.23061702889227e-14,1.675317720638431e-14,2.6991067404385922e-14,2.3488337352845643e-14,3.209150426762825e-14,4.121816913541978e-14,2.0584814565786137e-14,1.645843316747183e-14,1.79604312562679e-14,1.425685322866969e-14,1.6196364464205267e-14,1.8322308850221702e-14,1.2613669843138729e-14
44.25,2.0088065564466747e-12,6.643556668348767e-13,8.216054358322011e-13,4.605065995528603e-14,4.6017573211304134e-14,6.35155787304601e-14,3.54716803892181e-14,3.0537605654762046e-14,2.3610419800317766e-14,1.5696053129720943e-14,2.7051255116103882e-14,2.1653617988161173e-14,3.124567829869735e-14,3.213714277386212e-14,2.079394502087248e-14,1.7098516410631838e-14,1.9254552593186215e-14,1.5873053051874315e-14,1.6963354367954482e-14,1.480185827030346e-14,1.0712922147190803e-14
44.5,1.7397713069338525e-12,6.966545747461357e-13,7.518047047043352e-13,4.395284395108818e-14,4.911289119968623e-14,7.161592125511708e-14,3.98001601965508e-14,3.637188922165258e-14,2.3287915670032197e-14,1.5646687602997045e-14,2.9156373687963774e-14,2.8256624055119043e-14,3.3608793866562636e-14,3.1953921669417084e-14,1.6427634196181755e-14,1.9045979574498824e-14,2.1441287334366694e-14,1.3394235025838501e-14,1.7463212117664392e-14,1.4656099105081236e-14,1.0954590472736833e-14
44.75,1.480044925362049e-12,5.477468085747149e-13,6.293720756508465e-13,5.1419476039988946e-14,5.269719116307751e-14,6.989843094842905e-14,3.178412917790512e-14,3.6140146105441077e-14,2.3017829985059415e-14,1.431690033125343e-14,2.6070410957928547e-14,2.7754683718452764e-14,3.1282974445201485e-14,3.5907319029963454e-14,1.675293044948925e-14,1.9618927413474905e-14,2.084557545950453e-14,1.4333669330786397e-14,2.1177628756610424e-14,1.703545520342683e-14,1.2113481177945747e-14
45.0,1.5582410743972903e-12,5.462475786647497e-13,6.597794411339614e-13,3.909377389463615e-14,4.513733914893512e-14,5.279154193069031e-14,2.976949902143978e-14,3.1685823184445275e-14,1.9763831103993584e-14,1.3760218626990498e-14,2.157659313151881e-14,2.1122654885448865e-14,3.170880033688577e-14,3.2369233989652377e-14,1.9678050966071116e-14,2.004723182160208e-14,2.2322440186308633e-14,1.4321468329233257e-14,1.8863766734499754e-14,1.447043608826823e-14,8.459853897233664e-15
45.25,1.69972588998598e-12,7.527349960046272e-13,7.88504382891681e-13,4.072434999379435e-14,4.144202540403443e-14,5.338098139012334e-14,3.246668389548397e-14,2.831849518870274e-14,2.09747103300475e-14,1.4904972336888678e-14,1.8320935573645375e-14,1.946541471579316e-14,3.3890590375482754e-14,3.01893482292437e-14,2.1075053721739133e-14,1.9359905284326817e-14,2.2976297849365127e-14,1.2269882623119102e-14,1.8600066216201804e-14,1.7230047344350827e-14,1.0219534545978516e-14
45.5,2.099783490723607e-12,9.212376721398167e-13,1.0014809375645985e-12,5.56107465365727e-14,4.586704527278965e-14,6.106301722166073e-14,3.3310751887229565e-14,2.6105095237186863e-14,2.3161671139112618e-14,1.40102725041491e-14,1.931298414750907e-14,2.3147469245242687e-14,3.747500469470246e-14,3.436040844846264e-14,1.9625448100613503e-14,1.712588807757887e-14,2.2405817532812333e-14,1.0550762035989578e-14,1.7553828591512157e-14,1.755711027542859e-14,1.3373285848686325e-14
45.75,1.8600903894630654e-12,6.803642128371938e-13,8.453583665020159e-13,4.9159215031595285e-14,4.606966827468128e-14,5.70289927385425e-14,3.1943810645388175e-14,2.858115848532735e-14,2.1668593876552846e-14,1.442024187894657e-14,2.8230408313675442e-14,2.3672539227677465e-14,3.381901046170746e-14,3.138221569456819e-14,2.0602133104938625e-14,1.684957099350876e-14,1.9517770383776633e-14,1.2786659251048221e-14,1.5175918432237326e-14,1.6692707369925575e-14,1.1918840174437584e-14
46.0,1.9093661540258494e-12,7.363559177981386e-13,8.724869751852823e-13,4.6630772691642974e-14,4.345043877631655e-14,5.847584622907804e-14,2.8542507445098434e-14,2.568477198709633e-14,2.337168303160001e-14,1.4337629036586627e-14,2.518282758980812e-14,2.1596305041990956e-14,2.8734455329531554e-14,3.237911223628328e-14,1.906604448411752e-14,1.549635675240623e-14,2.0627539515609327e-14,1.4514154117517902e-14,1.6367040169782068e-14,1.7059376007777235e-14,1.0470049466796031e-14
46.25,1.849360420352784e-12,6.431049005360769e-13,7.910713193944626e-13,3.7317749157242786e-14,4.1592960888090286e-14,6.151145681356159e-14,2.892607137902601e-14,2.413072306437762e-14,1.836968135878735e-14,1.528501588794084e-14,2.3187204690269488e-14,2.059032877665034e-14,2.89827179957887e-14,3.2113943397523934e-14,1.6378629004282523e-14,1.583677929506954e-14,2.170317039634011e-14,1.3394938069571197e-14,1.674192690111597e-14,1.7615331788252674e-14,9.864790802412116e-15
46.5,1.7754570395923468e-12,6.467585567234514e-13,7.390986398616689e-13,4.508584350532381e-14,4.174778767652186e-14,6.24236493618529e-14,2.7406425680423697e-14,3.026743358351497e-14,1.951205521349618e-14,1.5256922381499822e-14,2.53328425260528e-14,2.4769625630326605e-14,3.408697301484352e-14,3.719688266787309e-14,1.8495233425057715e-14,1.6040310564965937e-14,2.1243281563622278e-14,1.4812459981225638e-14,1.662315647789495e-14,1.534172632639752e-14,1.2590637376175672e-14
46.75,1.698835060565963e-12,6.041604770878004e-13,7.410559040130389e-13,4.7551964222441265e-14,4.523825099003349e-14,5.780878793869614e-14,2.3909978091813533e-14,2.7330370185412862e-14,2.7490238937029724e-14,1.7902023283746786e-14,2.5004806208370215e-14,2.513519154966803e-14,3.327716265586256e-14,3.169765153785158e-14,1.8827127778753035e-14,1.8224213783810393e-14,2.0592094249587417e-14,1.2901503852415285e-14,1.6132552953977007e-14,1.6154003443852785e-14,1.0992713063879084e-14
47.0,1.3214495418856095e-12,5.600110287678952e-13,6.636661476287456e-13,3.360138254814087e-14,3.4845908785706304e-14,4.996784571104386e-14,2.7895637871941498e-14,3.2631864437387123e-14,2.7462924998967145e-14,1.5513770325163273e-14,2.2175209993301086e-14,2.079346367875771e-14,2.6912401156562885e-14,2.7442482495310445e-14,1.9110273676869546e-14,1.715336796966208e-14,1.8736021711808633e-14,1.1615210871215416e-14,1.3136120921421342e-14,1.354117635860111e-14,9.442571954690533e-15
47.25,1.0439261831854867e-12,4.622357758817567e-13,5.081507448953475e-13,2.7185220767183675e-14,2.7830626513017616e-14,3.396568495494046e-14,2.0879928242598415e-14,2.4975702047396507e-14,1.931949049249712e-14,9.921383575248775e-15,1.812228010413495e-14,1.5753706817243118e-14,1.8026504509615563e-14,2.5176801904532925e-14,1.4238393813437573e-14,1.3306731612228364e-14,1.3176539270616842e-14,9.704521552296605e-15,1.1331629596468853e-14,9.44619772144507e-15,7.420189621723969e-15
47.5,5.132742129628714e-13,2.364182542325375e-13,2.5357350128968524e-13,9.623301879419354e-15,1.0836755759424904e-14,1.2335666586572491e-14,6.997548420907914e-15,6.793869635917863e-15,5.806617724444911e-15,4.0773109354441545e-15,7.368816615436845e-15,6.627660208273183e-15,9.03005467143738e-15,1.1138311153050662e-14,5.582763141650517e-15,5.1981568296394754e-15,5.327255897631871e-15,4.034679467160686e-15,5.055233239263076e-15,4.501017110524655e-15,2.7202675526162493e-15
47.75,8.376810063131389e-14,3.4853454851113164e-14,3.890459697625214e-14,1.4195246567051802e-15,1.73129484442473e-15,2.5233270023391498e-15,1.0838058121796374e-15,1.4755978632167239e-15,8.494451293075246e-16,6.304556167448814e-16,1.5232210985163484e-15,1.1983985972775595e-15,1.2641265725749528e-15,1.3632847720292248e-15,8.073320502066071e-16,7.234169171895908e-16,8.825522744034229e-16,7.169577950690492e-16,8.248889116732954e-16,8.207360770545533e-16,4.877596046953323e-16
48.0,3.4613338224007206e-15,1.641825558645343e-15,1.6294935058739758e-15,9.082022705178899e-17,9.748831532614213e-17,1.466547675355453e-16,7.067634749794181e-17,8.215599037735431e-17,8.724827491453384e-17,4.3352067197854806e-17,7.471696433105043e-17,6.311221712497543e-17,7.392137579941244e-17,9.349347583078888e-17,7.11310810969366e-17,2.6291074203625344e-17,6.005971620574085e-17,3.995190453439851e-17,4.998303106178883e-17,6.415928330744872e-17,2.5317675779641044e-17
48.25,4.745941400262569e-16,2.277632316307909e-16,1.8623155613814207e-16,2.4602600342400443e-17,2.872385713019686e-17,5.148627706605407e-17,3.0586182262279674e-17,3.1461374374765446e-17,5.711971698844654e-17,2.1561666498236474e-17,4.572465533439933e-17,3.1555669610226093e-17,1.6829119625814872e-17,2.991166969104532e-17,3.417241174203818e-17,8.066947209584584e-18,3.510113937103053e-17,1.9531743882744025e-17,1.6369633715735222e-17,2.5830281135558113e-17,7.439555291170735e-18
48.5,4.569035279972441e-16,2.1949878041041276e-16,1.7699621896088395e-16,2.454058973250505e-17,2.788804592846047e-17,5.234697154945849e-17,3.054259462440106e-17,3.2995360066711924e-17,5.671375009642758e-17,2.1591053040183193e-17,4.742298840746267e-17,3.266607994027328e-17,1.7059652139676563e-17,2.938125606636581e-17,3.521559912511691e-17,7.340057912446529e-18,3.4920562829906567e-17,1.9236340702811525e-17,1.7081247503533954e-17,2.8189153398849963e-17,7.942723441614322e-18
48.75,4.254588073679599e-16,2.0044066422248409e-16,1.6124330761503668e-16,2.3946475265733465e-17,2.7455734367191162e-17,5.1123138150055407e-17,2.995753702838458e-17,3.1837454374956347e-17,5.5376562566076625e-17,2.0953866644028344e-17,4.5975086291311333e-17,3.170098174098531e-17,1.6114330894032228e-17,2.8485413800827327e-17,3.4597451930490806e-17,6.936522769217857e-18,3.4005476374134497e-17,1.8888760820956434e-17,1.6625537922819434e-17,2.7282163968658818e-17,7.661795169123319e-18
49.0,4.1562275772954066e-16,1.9288775124709322e-16,1.5324002313503882e-16,2.294313888681522e-17,2.6792435016881043e-17,5.015870825267129e-17,2.933453532310737e-17,3.123251835202061e-17,5.568169120389574e-17,2.0739878565982462e-17,4.5779744081788633e-17,3.1492537524540095e-17,1.611031560605713e-17,2.788687659008108e-17,3.486112047938769e-17,6.629568764295282e-18,3.376055241259381e-17,1.8648261074090074e-17,1.657555612416189e-17,2.7658577896781914e-17,7.657481845630289e-18
49.25,3.573787066380476e-16,1.7300343993824659e-16,1.437677019717177e-16,2.089815432528522e-17,2.444129658113967e-17,4.2085250836674093e-17,2.8813116415165884e-17,2.795256245389389e-17,5.4173825725671565e-17,1.82317168188318e-17,3.680666835814433e-17,2.635558711718448e-17,1.2961394512684099e-17,2.5211686122816667e-17,3.094108898260995e-17,6.5838698411429905e-18,3.2196886797102633e-17,1.7998341543968523e-17,1.4275079566264272e-17,2.2550786287435023e-17,6.37706419224647e-18
49.5,4.021144415075191e-16,1.8365580133586635e-16,1.427208554960519e-16,2.2757154322410095e-17,2.7205333812993983e-17,5.1926486517685636e-17,2.8582210849314265e-17,3.114633887003652e-17,5.40441417953709e-17,2.0732197978827586e-17,4.79583372021688e-17,3.277315650411832e-17,1.6194213544610218e-17,2.747682060427099e-17,3.522892270486851e-17,6.4162204126562334e-18,3.344523007959784e-17,1.8146570313368352e-17,1.703078228873058e-17,2.9217268391994616e-17,7.79128848699341e-18
49.75,8.655554426205196e-15,2.9989415582524754e-15,2.605980485468733e-16,1.2342684543273161e-16,1.1997845551257266e-16,5.015847298404541e-16,2.921496002320198e-17,1.7393195250921216e-16,7.630608265842731e-17,1.427089906859176e-16,5.106693918023517e-16,3.1399693063256427e-16,2.0034836394054493e-16,1.645576843658152e-16,2.356349101114906e-16,4.838103105206254e-17,1.177948511086029e-16,2.998238086646761e-17,1.2853663237796815e-16,3.2104082018055344e-16,9.223151803823866e-17
50.0,4.443919884975592e-14,1.5073055502434533e-14,8.247944277391229e-16,5.743806979490044e-16,5.413348542740433e-16,2.5546716932154044e-15,3.579522188998442e-17,8.297187404325936e-16,1.7522258763210597e-16,7.092781667022537e-16,2.6305269707956707e-15,1.596728308240525e-15,1.03909345535725e-15,7.827036504907625e-16,1.1528649253530252e-15,2.2898418160628786e-16,5.108822226317431e-16,8.075174864582204e-17,6.489144786203818e-16,1.661565487160356e-15,4.760994658693397e-16
